-- phpMyAdmin SQL Dump
-- version 4.5.2
-- http://www.phpmyadmin.net
--
-- Host: localhost
-- Generation Time: Sep 20, 2017 at 06:03 AM
-- Server version: 10.1.16-MariaDB
-- PHP Version: 5.5.38

SET SQL_MODE = "NO_AUTO_VALUE_ON_ZERO";
SET time_zone = "+00:00";


/*!40101 SET @OLD_CHARACTER_SET_CLIENT=@@CHARACTER_SET_CLIENT */;
/*!40101 SET @OLD_CHARACTER_SET_RESULTS=@@CHARACTER_SET_RESULTS */;
/*!40101 SET @OLD_COLLATION_CONNECTION=@@COLLATION_CONNECTION */;
/*!40101 SET NAMES utf8mb4 */;

--
-- Database: `linkdata`
--

-- --------------------------------------------------------

--
-- Table structure for table `article`
--

CREATE TABLE `article` (
  `article_id` int(10) UNSIGNED NOT NULL,
  `user_id` int(11) DEFAULT NULL,
  `label_id` int(11) DEFAULT NULL,
  `spot_id` int(11) DEFAULT NULL,
  `createdAt` datetime DEFAULT NULL,
  `updatedAt` datetime DEFAULT NULL
) ENGINE=InnoDB DEFAULT CHARSET=utf8;

--
-- Dumping data for table `article`
--

INSERT INTO `article` (`article_id`, `user_id`, `label_id`, `spot_id`, `createdAt`, `updatedAt`) VALUES
(1, 2, 93, 41, NULL, NULL),
(2, 1, 57, 40, NULL, NULL),
(3, 1, 64, 49, NULL, NULL),
(4, 2, 19, 1, NULL, NULL),
(5, 2, 91, 37, NULL, NULL),
(6, 2, 71, 30, NULL, NULL),
(7, 2, 24, 22, NULL, NULL),
(8, 2, 95, 53, NULL, NULL),
(9, 1, 30, 5, NULL, NULL),
(10, 1, 41, 54, NULL, NULL),
(11, 2, 56, 47, NULL, NULL),
(12, 2, 3, 28, NULL, NULL),
(13, 1, 82, 16, NULL, NULL),
(14, 1, 6, 55, NULL, NULL),
(15, 1, 68, 46, NULL, NULL),
(16, 2, 25, 56, NULL, NULL),
(17, 1, 58, 29, NULL, NULL),
(18, 2, 39, 57, NULL, NULL),
(19, 2, 77, 24, NULL, NULL),
(20, 2, 81, 21, NULL, NULL),
(21, 2, 60, 25, NULL, NULL),
(22, 2, 60, 37, NULL, NULL),
(23, 1, 99, 40, NULL, NULL),
(24, 2, 17, 3, NULL, NULL),
(25, 2, 15, 17, NULL, NULL),
(26, 2, 75, 33, NULL, NULL),
(27, 1, 92, 20, NULL, NULL),
(28, 2, 22, 21, NULL, NULL),
(29, 1, 41, 16, NULL, NULL),
(30, 2, 34, 40, NULL, NULL),
(31, 1, 19, 48, NULL, NULL),
(32, 2, 35, 32, NULL, NULL),
(33, 2, 34, 32, NULL, NULL),
(34, 2, 94, 7, NULL, NULL),
(35, 1, 98, 30, NULL, NULL),
(36, 1, 97, 45, NULL, NULL),
(37, 1, 39, 40, NULL, NULL),
(38, 2, 55, 24, NULL, NULL),
(39, 1, 13, 32, NULL, NULL),
(40, 2, 97, 12, NULL, NULL),
(41, 1, 88, 13, NULL, NULL),
(42, 1, 36, 13, NULL, NULL),
(43, 1, 6, 30, NULL, NULL),
(44, 2, 83, 58, NULL, NULL),
(45, 1, 21, 6, NULL, NULL),
(46, 2, 47, 59, NULL, NULL),
(47, 2, 60, 15, NULL, NULL),
(48, 1, 43, 8, NULL, NULL),
(49, 1, 37, 41, NULL, NULL),
(50, 1, 6, 40, NULL, NULL),
(51, 1, 72, 29, NULL, NULL),
(52, 1, 13, 26, NULL, NULL),
(53, 2, 101, 18, NULL, NULL),
(54, 1, 79, 51, NULL, NULL),
(55, 1, 51, 34, NULL, NULL),
(56, 1, 25, 48, NULL, NULL),
(57, 1, 8, 9, NULL, NULL),
(58, 2, 15, 44, NULL, NULL),
(59, 2, 3, 29, NULL, NULL),
(60, 2, 29, 5, NULL, NULL),
(61, 2, 11, 26, NULL, NULL),
(62, 2, 46, 46, NULL, NULL),
(63, 1, 26, 58, NULL, NULL),
(64, 2, 29, 29, NULL, NULL),
(65, 1, 33, 60, NULL, NULL),
(66, 2, 16, 44, NULL, NULL),
(67, 1, 17, 31, NULL, NULL),
(68, 2, 98, 22, NULL, NULL),
(69, 2, 11, 12, NULL, NULL),
(70, 2, 15, 38, NULL, NULL),
(71, 1, 50, 32, NULL, NULL),
(72, 1, 82, 18, NULL, NULL),
(73, 2, 32, 25, NULL, NULL),
(74, 1, 78, 33, NULL, NULL),
(75, 1, 13, 37, NULL, NULL),
(76, 2, 91, 61, NULL, NULL),
(77, 2, 20, 28, NULL, NULL),
(78, 2, 24, 27, NULL, NULL),
(79, 2, 39, 58, NULL, NULL),
(80, 1, 87, 58, NULL, NULL),
(81, 2, 44, 37, NULL, NULL),
(82, 1, 56, 40, NULL, NULL),
(83, 2, 25, 62, NULL, NULL),
(84, 2, 43, 12, NULL, NULL),
(85, 1, 59, 63, NULL, NULL),
(86, 2, 96, 12, NULL, NULL),
(87, 2, 25, 63, NULL, NULL),
(88, 2, 39, 47, NULL, NULL),
(89, 2, 97, 4, NULL, NULL),
(90, 2, 56, 49, NULL, NULL),
(91, 2, 78, 50, NULL, NULL),
(92, 1, 20, 59, NULL, NULL),
(93, 2, 98, 15, NULL, NULL),
(94, 2, 4, 36, NULL, NULL),
(95, 1, 25, 65, NULL, NULL),
(96, 2, 38, 11, NULL, NULL),
(97, 2, 20, 31, NULL, NULL),
(98, 1, 85, 13, NULL, NULL),
(99, 1, 57, 32, NULL, NULL),
(100, 1, 77, 21, NULL, NULL);

-- --------------------------------------------------------

--
-- Table structure for table `bot_log`
--

CREATE TABLE `bot_log` (
  `bot_log_id` int(10) UNSIGNED NOT NULL,
  `label_id` int(11) DEFAULT NULL,
  `user_id` int(11) DEFAULT NULL,
  `state_id` int(11) DEFAULT NULL,
  `feedback_id` int(11) DEFAULT NULL,
  `component_id` int(11) DEFAULT NULL,
  `label_score` int(11) DEFAULT NULL,
  `process_step` int(11) DEFAULT NULL,
  `createdAt` datetime DEFAULT NULL,
  `updatedAt` datetime DEFAULT NULL
) ENGINE=InnoDB DEFAULT CHARSET=utf8;

--
-- Dumping data for table `bot_log`
--

INSERT INTO `bot_log` (`bot_log_id`, `label_id`, `user_id`, `state_id`, `feedback_id`, `component_id`, `label_score`, `process_step`, `createdAt`, `updatedAt`) VALUES
(249, 101, 1, 3, 1, 4, 101, 1, '2017-07-21 21:56:35', '2017-07-21 21:56:35'),
(250, 30, 1, 3, 1, 4, 101, 1, '2017-07-21 22:00:56', '2017-07-21 22:00:56'),
(251, 102, 1, 3, 0, 5, 101, 2, '2017-07-21 22:00:56', '2017-07-21 22:00:56'),
(252, 99, 1, 3, 1, 4, 101, 3, '2017-07-21 22:00:56', '2017-07-21 22:00:56'),
(253, 92, 1, 3, 1, 4, 101, 4, '2017-07-21 22:00:56', '2017-07-21 22:00:56'),
(254, 29, 1, 3, 1, 4, 101, 5, '2017-07-21 22:00:56', '2017-07-21 22:00:56'),
(255, 4, 1, 3, 1, 4, 101, 6, '2017-07-21 22:00:56', '2017-07-21 22:00:56'),
(256, 12, 1, 3, 0, 5, 101, 7, '2017-07-21 22:00:56', '2017-07-21 22:00:56'),
(257, 69, 1, 3, 1, 4, 101, 1, '2017-07-21 22:11:48', '2017-07-21 22:11:48'),
(258, 20, 1, 3, 0, 5, 101, 2, '2017-07-21 22:11:48', '2017-07-21 22:11:48'),
(259, 79, 1, 3, 1, 4, 101, 1, '2017-07-21 22:13:47', '2017-07-21 22:13:47'),
(260, 72, 1, 3, 1, 4, 101, 1, '2017-07-21 22:14:41', '2017-07-21 22:14:41'),
(261, 64, 1, 3, 1, 4, 101, 1, '2017-07-21 22:14:51', '2017-07-21 22:14:51'),
(262, 25, 5, 3, 0, 5, 101, 1, '2017-08-02 13:01:06', '2017-08-02 13:01:06'),
(263, 22, 5, 3, 0, 5, 101, 2, '2017-08-02 13:01:06', '2017-08-02 13:01:06'),
(264, 63, 5, 3, 1, 4, 101, 3, '2017-08-02 13:01:06', '2017-08-02 13:01:06'),
(265, 56, 5, 3, 1, 4, 101, 4, '2017-08-02 13:01:06', '2017-08-02 13:01:06'),
(266, 60, 5, 3, 0, 5, 101, 1, '2017-08-02 13:10:21', '2017-08-02 13:10:21'),
(267, 59, 5, 3, 1, 4, 101, 2, '2017-08-02 13:10:21', '2017-08-02 13:10:21');

-- --------------------------------------------------------

--
-- Table structure for table `chat`
--

CREATE TABLE `chat` (
  `id` int(10) UNSIGNED NOT NULL,
  `text` varchar(300) DEFAULT NULL,
  `bot` varchar(300) DEFAULT NULL,
  `room_id` int(11) DEFAULT NULL,
  `createdAt` datetime DEFAULT NULL,
  `updatedAt` datetime DEFAULT NULL
) ENGINE=InnoDB DEFAULT CHARSET=utf8;

-- --------------------------------------------------------

--
-- Table structure for table `component`
--

CREATE TABLE `component` (
  `component_id` int(10) UNSIGNED NOT NULL,
  `component_name` varchar(100) DEFAULT NULL,
  `createdAt` datetime DEFAULT NULL,
  `updatedAt` datetime DEFAULT NULL
) ENGINE=InnoDB DEFAULT CHARSET=utf8;

--
-- Dumping data for table `component`
--

INSERT INTO `component` (`component_id`, `component_name`, `createdAt`, `updatedAt`) VALUES
(1, 'StopSentence', NULL, NULL),
(2, 'StartRecommend', NULL, NULL),
(3, 'EndRecommend', NULL, NULL),
(4, 'Yes', NULL, NULL),
(5, 'No', NULL, NULL),
(6, 'Like', NULL, NULL),
(7, 'Dislike', NULL, NULL);

-- --------------------------------------------------------

--
-- Table structure for table `conversation`
--

CREATE TABLE `conversation` (
  `conversation_id` int(10) UNSIGNED NOT NULL,
  `question` varchar(100) DEFAULT NULL,
  `answer` varchar(500) DEFAULT NULL,
  `component_id` int(11) DEFAULT NULL,
  `createdAt` datetime DEFAULT NULL,
  `updatedAt` datetime DEFAULT NULL
) ENGINE=InnoDB DEFAULT CHARSET=utf8;

--
-- Dumping data for table `conversation`
--

INSERT INTO `conversation` (`conversation_id`, `question`, `answer`, `component_id`, `createdAt`, `updatedAt`) VALUES
(1, 'Hello', 'Hi', 1, NULL, NULL),
(2, 'start', NULL, 2, NULL, NULL),
(3, 'end', NULL, 3, NULL, NULL),
(4, 'yes', NULL, 4, NULL, NULL),
(5, 'no', NULL, 5, NULL, NULL),
(6, 'like', NULL, 6, NULL, NULL),
(7, 'dislike', NULL, 7, NULL, NULL);

-- --------------------------------------------------------

--
-- Table structure for table `conversation2`
--

CREATE TABLE `conversation2` (
  `conversation_id` int(10) UNSIGNED NOT NULL,
  `status` varchar(100) DEFAULT NULL,
  `createdAt` datetime DEFAULT NULL,
  `updatedAt` datetime DEFAULT NULL
) ENGINE=InnoDB DEFAULT CHARSET=utf8;

-- --------------------------------------------------------

--
-- Table structure for table `conversation_process_log`
--

CREATE TABLE `conversation_process_log` (
  `conversation_process_log_id` int(10) UNSIGNED NOT NULL,
  `user_id` int(11) DEFAULT NULL,
  `log_id` int(11) DEFAULT NULL,
  `process_num` int(11) DEFAULT NULL,
  `createdAt` datetime DEFAULT NULL,
  `updatedAt` datetime DEFAULT NULL
) ENGINE=InnoDB DEFAULT CHARSET=utf8;

--
-- Dumping data for table `conversation_process_log`
--

INSERT INTO `conversation_process_log` (`conversation_process_log_id`, `user_id`, `log_id`, `process_num`, `createdAt`, `updatedAt`) VALUES
(1, 1, 812, 1, '2017-07-18 21:39:43', '2017-07-18 21:39:43'),
(2, 1, 4, 2, '2017-07-18 21:50:14', '2017-07-18 21:50:14'),
(3, 1, 9, 2, '2017-07-18 21:53:27', '2017-07-18 21:53:27'),
(4, 1, 14, 2, '2017-07-18 22:14:02', '2017-07-18 22:14:02'),
(5, 1, 17, 1, '2017-07-18 22:14:28', '2017-07-18 22:14:28'),
(6, 1, 20, 1, '2017-07-18 22:14:49', '2017-07-18 22:14:49'),
(7, 1, 26, 4, '2017-07-18 22:15:32', '2017-07-18 22:15:32'),
(8, 1, 31, 2, '2017-07-18 22:16:38', '2017-07-18 22:16:38'),
(9, 1, 37, 3, '2017-07-18 22:17:10', '2017-07-18 22:17:10'),
(10, 1, 42, 3, '2017-07-18 22:32:35', '2017-07-18 22:32:35'),
(11, 1, 45, 1, '2017-07-18 22:32:59', '2017-07-18 22:32:59'),
(12, 1, 48, 1, '2017-07-18 22:33:34', '2017-07-18 22:33:34'),
(13, 1, 54, 3, '2017-07-18 22:35:17', '2017-07-18 22:35:17'),
(14, 3, 153, 3, '2017-07-20 16:03:11', '2017-07-20 16:03:11'),
(15, 4, 171, 1, '2017-07-20 16:31:47', '2017-07-20 16:31:47'),
(16, 5, 191, 1, '2017-07-20 16:35:55', '2017-07-20 16:35:55'),
(17, 5, 195, 1, '2017-07-20 16:36:32', '2017-07-20 16:36:32'),
(18, 5, 199, 1, '2017-07-20 16:37:25', '2017-07-20 16:37:25'),
(19, 5, 251, 1, '2017-07-20 18:25:57', '2017-07-20 18:25:57'),
(20, 5, 255, 1, '2017-07-20 18:29:28', '2017-07-20 18:29:28'),
(21, 5, 259, 1, '2017-07-20 18:29:51', '2017-07-20 18:29:51'),
(22, 1, 309, 1, '2017-07-20 18:56:34', '2017-07-20 18:56:34'),
(23, 1, 333, 1, '2017-07-20 19:07:50', '2017-07-20 19:07:50'),
(24, 1, 342, 1, '2017-07-20 19:10:53', '2017-07-20 19:10:53'),
(25, 1, 358, 1, '2017-07-20 19:35:21', '2017-07-20 19:35:21'),
(26, 1, 394, 1, '2017-07-20 19:51:06', '2017-07-20 19:51:06'),
(27, 1, 398, 1, '2017-07-20 19:53:16', '2017-07-20 19:53:16'),
(28, 6, 432, 1, '2017-07-21 16:56:38', '2017-07-21 16:56:38'),
(29, 6, 437, 2, '2017-07-21 17:01:20', '2017-07-21 17:01:20'),
(30, 6, 455, 3, '2017-07-21 17:12:59', '2017-07-21 17:12:59'),
(31, 6, 466, 7, '2017-07-21 17:30:09', '2017-07-21 17:30:09'),
(32, 6, 475, 6, '2017-07-21 17:34:04', '2017-07-21 17:34:04'),
(33, 1, 503, 1, '2017-07-21 17:51:01', '2017-07-21 17:51:01'),
(34, 1, 507, 1, '2017-07-21 17:53:37', '2017-07-21 17:53:37'),
(35, 1, 511, 1, '2017-07-21 17:55:29', '2017-07-21 17:55:29'),
(36, 1, 533, 3, '2017-07-21 20:44:12', '2017-07-21 20:44:12'),
(37, 1, 539, 4, '2017-07-21 20:49:20', '2017-07-21 20:49:20'),
(38, 1, 546, 4, '2017-07-21 20:55:15', '2017-07-21 20:55:15'),
(39, 1, 568, 6, '2017-07-21 21:06:09', '2017-07-21 21:06:09'),
(40, 1, 622, 1, '2017-07-21 21:37:59', '2017-07-21 21:37:59'),
(41, 1, 646, 1, '2017-07-21 21:51:52', '2017-07-21 21:51:52'),
(42, 1, 650, 1, '2017-07-21 21:55:21', '2017-07-21 21:55:21'),
(43, 1, 653, 1, '2017-07-21 21:56:35', '2017-07-21 21:56:35'),
(44, 1, 687, 1, '2017-07-21 22:14:51', '2017-07-21 22:14:51'),
(45, 5, 693, 4, '2017-08-02 13:01:06', '2017-08-02 13:01:06'),
(46, 5, 699, 2, '2017-08-02 13:10:21', '2017-08-02 13:10:21');

-- --------------------------------------------------------

--
-- Table structure for table `debug`
--

CREATE TABLE `debug` (
  `id` int(10) UNSIGNED NOT NULL,
  `createdAt` datetime DEFAULT NULL,
  `updatedAt` datetime DEFAULT NULL
) ENGINE=InnoDB DEFAULT CHARSET=utf8;

-- --------------------------------------------------------

--
-- Table structure for table `feedback`
--

CREATE TABLE `feedback` (
  `feedback_id` int(10) UNSIGNED NOT NULL,
  `label_id` int(11) DEFAULT NULL,
  `createdAt` datetime DEFAULT NULL,
  `updatedAt` datetime DEFAULT NULL
) ENGINE=InnoDB DEFAULT CHARSET=utf8;

--
-- Dumping data for table `feedback`
--

INSERT INTO `feedback` (`feedback_id`, `label_id`, `createdAt`, `updatedAt`) VALUES
(1, 64, '2017-05-19 21:09:09', '2017-05-19 21:09:09'),
(2, 30, '2017-05-23 15:56:15', '2017-05-23 15:56:15'),
(3, 30, '2017-05-23 18:04:49', '2017-05-23 18:04:49'),
(4, 99, '2017-05-23 18:05:22', '2017-05-23 18:05:22'),
(5, 69, '2017-05-23 18:05:59', '2017-05-23 18:05:59'),
(6, 79, '2017-05-23 18:06:12', '2017-05-23 18:06:12'),
(7, 63, '2017-05-23 18:28:16', '2017-05-23 18:28:16'),
(8, 30, '2017-05-23 19:06:04', '2017-05-23 19:06:04'),
(9, 99, '2017-05-23 19:13:57', '2017-05-23 19:13:57'),
(10, 61, '2017-05-23 19:14:04', '2017-05-23 19:14:04'),
(11, 59, '2017-05-23 19:18:46', '2017-05-23 19:18:46'),
(12, 59, '2017-05-23 19:18:54', '2017-05-23 19:18:54'),
(13, 4, '2017-05-23 20:02:33', '2017-05-23 20:02:33'),
(14, 79, '2017-05-23 20:02:36', '2017-05-23 20:02:36'),
(15, 30, '2017-05-23 21:49:23', '2017-05-23 21:49:23'),
(16, 29, '2017-05-23 21:49:25', '2017-05-23 21:49:25'),
(17, 61, '2017-05-23 21:50:20', '2017-05-23 21:50:20'),
(18, 66, '2017-05-26 06:03:47', '2017-05-26 06:03:47'),
(19, 62, '2017-05-26 06:04:18', '2017-05-26 06:04:18'),
(20, 20, '2017-05-26 06:42:40', '2017-05-26 06:42:40'),
(21, 72, '2017-05-26 06:43:18', '2017-05-26 06:43:18'),
(22, 25, '2017-05-26 06:45:17', '2017-05-26 06:45:17'),
(23, 63, '2017-05-30 21:24:53', '2017-05-30 21:24:53'),
(24, 63, '2017-05-30 21:25:07', '2017-05-30 21:25:07'),
(25, 63, '2017-05-30 21:25:21', '2017-05-30 21:25:21'),
(26, 63, '2017-05-30 21:25:24', '2017-05-30 21:25:24'),
(27, 63, '2017-05-30 21:25:32', '2017-05-30 21:25:32'),
(28, 63, '2017-05-30 21:26:39', '2017-05-30 21:26:39'),
(29, 63, '2017-05-30 21:33:00', '2017-05-30 21:33:00'),
(30, 63, '2017-05-30 21:33:17', '2017-05-30 21:33:17'),
(31, 63, '2017-05-30 21:34:08', '2017-05-30 21:34:08'),
(32, 63, '2017-05-30 21:35:01', '2017-05-30 21:35:01'),
(33, 63, '2017-05-30 21:35:31', '2017-05-30 21:35:31'),
(34, 63, '2017-05-30 22:32:56', '2017-05-30 22:32:56'),
(35, 63, '2017-05-30 22:33:54', '2017-05-30 22:33:54'),
(36, 63, '2017-05-30 22:36:18', '2017-05-30 22:36:18'),
(37, 63, '2017-05-31 00:28:12', '2017-05-31 00:28:12'),
(38, 63, '2017-05-31 02:53:37', '2017-05-31 02:53:37'),
(39, 63, '2017-05-31 03:10:45', '2017-05-31 03:10:45'),
(40, 63, '2017-05-31 04:03:57', '2017-05-31 04:03:57'),
(41, 63, '2017-05-31 04:10:44', '2017-05-31 04:10:44'),
(42, 63, '2017-05-31 04:12:42', '2017-05-31 04:12:42'),
(43, 63, '2017-05-31 04:15:31', '2017-05-31 04:15:31'),
(44, 63, '2017-05-31 04:15:52', '2017-05-31 04:15:52'),
(45, 63, '2017-05-31 04:16:00', '2017-05-31 04:16:00'),
(46, 63, '2017-05-31 04:16:23', '2017-05-31 04:16:23'),
(47, 63, '2017-05-31 04:16:47', '2017-05-31 04:16:47'),
(48, 63, '2017-05-31 04:20:29', '2017-05-31 04:20:29'),
(49, 63, '2017-05-31 04:23:53', '2017-05-31 04:23:53'),
(50, 63, '2017-05-31 04:23:59', '2017-05-31 04:23:59'),
(51, 63, '2017-05-31 04:27:26', '2017-05-31 04:27:26'),
(52, 63, '2017-05-31 04:30:35', '2017-05-31 04:30:35'),
(53, 63, '2017-05-31 04:43:15', '2017-05-31 04:43:15'),
(54, 63, '2017-05-31 04:45:22', '2017-05-31 04:45:22'),
(55, 63, '2017-05-31 04:45:30', '2017-05-31 04:45:30'),
(56, 63, '2017-05-31 04:46:35', '2017-05-31 04:46:35'),
(57, 63, '2017-05-31 04:49:40', '2017-05-31 04:49:40'),
(58, 63, '2017-05-31 05:11:24', '2017-05-31 05:11:24'),
(59, 63, '2017-05-31 05:13:45', '2017-05-31 05:13:45'),
(60, 63, '2017-05-31 05:20:48', '2017-05-31 05:20:48'),
(61, 63, '2017-05-31 05:20:49', '2017-05-31 05:20:49'),
(62, 63, '2017-05-31 05:20:51', '2017-05-31 05:20:51'),
(63, 63, '2017-05-31 05:20:52', '2017-05-31 05:20:52'),
(64, 63, '2017-05-31 05:20:54', '2017-05-31 05:20:54'),
(65, 63, '2017-05-31 05:21:03', '2017-05-31 05:21:03'),
(66, 63, '2017-05-31 05:21:17', '2017-05-31 05:21:17'),
(67, 63, '2017-05-31 05:24:58', '2017-05-31 05:24:58'),
(68, 63, '2017-05-31 05:26:27', '2017-05-31 05:26:27'),
(69, 63, '2017-05-31 05:27:50', '2017-05-31 05:27:50'),
(70, 63, '2017-05-31 05:28:44', '2017-05-31 05:28:44'),
(71, 63, '2017-05-31 05:29:27', '2017-05-31 05:29:27'),
(72, 63, '2017-05-31 05:31:19', '2017-05-31 05:31:19'),
(73, 63, '2017-05-31 05:37:11', '2017-05-31 05:37:11'),
(74, 63, '2017-05-31 05:42:15', '2017-05-31 05:42:15'),
(75, 63, '2017-05-31 05:55:47', '2017-05-31 05:55:47'),
(76, 63, '2017-05-31 05:59:17', '2017-05-31 05:59:17'),
(77, 63, '2017-05-31 06:01:11', '2017-05-31 06:01:11'),
(78, 63, '2017-05-31 06:07:04', '2017-05-31 06:07:04'),
(79, 63, '2017-05-31 06:29:20', '2017-05-31 06:29:20'),
(80, 63, '2017-05-31 06:49:34', '2017-05-31 06:49:34'),
(81, 63, '2017-05-31 06:50:41', '2017-05-31 06:50:41'),
(82, 63, '2017-05-31 06:51:25', '2017-05-31 06:51:25'),
(83, 63, '2017-05-31 06:57:53', '2017-05-31 06:57:53'),
(84, 63, '2017-05-31 07:00:29', '2017-05-31 07:00:29'),
(85, 63, '2017-05-31 07:03:24', '2017-05-31 07:03:24'),
(86, 63, '2017-05-31 07:07:22', '2017-05-31 07:07:22'),
(87, 63, '2017-05-31 07:07:28', '2017-05-31 07:07:28'),
(88, 63, '2017-05-31 07:10:53', '2017-05-31 07:10:53'),
(89, 63, '2017-05-31 07:11:42', '2017-05-31 07:11:42'),
(90, 63, '2017-05-31 07:12:30', '2017-05-31 07:12:30'),
(91, 63, '2017-05-31 07:15:11', '2017-05-31 07:15:11'),
(92, 63, '2017-05-31 07:25:25', '2017-05-31 07:25:25'),
(93, 63, '2017-05-31 07:31:13', '2017-05-31 07:31:13'),
(94, 63, '2017-05-31 07:33:59', '2017-05-31 07:33:59'),
(95, 63, '2017-05-31 07:34:05', '2017-05-31 07:34:05'),
(96, 63, '2017-05-31 07:34:54', '2017-05-31 07:34:54'),
(97, 63, '2017-05-31 07:35:22', '2017-05-31 07:35:22'),
(98, 63, '2017-05-31 07:39:25', '2017-05-31 07:39:25'),
(99, 63, '2017-05-31 07:44:04', '2017-05-31 07:44:04'),
(100, 63, '2017-05-31 07:54:05', '2017-05-31 07:54:05'),
(101, 63, '2017-05-31 08:04:12', '2017-05-31 08:04:12'),
(102, 63, '2017-05-31 08:04:16', '2017-05-31 08:04:16'),
(103, 63, '2017-05-31 08:06:41', '2017-05-31 08:06:41'),
(104, 63, '2017-05-31 08:07:36', '2017-05-31 08:07:36'),
(105, 63, '2017-05-31 08:09:36', '2017-05-31 08:09:36'),
(106, 63, '2017-05-31 08:10:20', '2017-05-31 08:10:20'),
(107, 63, '2017-05-31 08:11:47', '2017-05-31 08:11:47'),
(108, 63, '2017-05-31 08:12:07', '2017-05-31 08:12:07'),
(109, 63, '2017-05-31 08:12:13', '2017-05-31 08:12:13'),
(110, 63, '2017-05-31 08:13:46', '2017-05-31 08:13:46'),
(111, 63, '2017-05-31 08:18:27', '2017-05-31 08:18:27'),
(112, 63, '2017-05-31 08:19:01', '2017-05-31 08:19:01'),
(113, 30, '2017-06-08 02:25:46', '2017-06-08 02:25:46'),
(114, 30, '2017-06-08 02:27:53', '2017-06-08 02:27:53'),
(115, 30, '2017-06-08 02:46:48', '2017-06-08 02:46:48'),
(116, 30, '2017-06-08 02:47:08', '2017-06-08 02:47:08'),
(117, 30, '2017-06-08 02:47:27', '2017-06-08 02:47:27'),
(118, 30, '2017-06-08 02:47:58', '2017-06-08 02:47:58'),
(119, 30, '2017-06-08 02:48:11', '2017-06-08 02:48:11'),
(120, 30, '2017-06-08 02:48:37', '2017-06-08 02:48:37');

-- --------------------------------------------------------

--
-- Table structure for table `label`
--

CREATE TABLE `label` (
  `label_id` int(10) UNSIGNED NOT NULL,
  `label_name` varchar(100) DEFAULT NULL,
  `label_score` int(11) DEFAULT NULL,
  `createdAt` datetime DEFAULT NULL,
  `updatedAt` datetime DEFAULT NULL
) ENGINE=InnoDB DEFAULT CHARSET=utf8;

--
-- Dumping data for table `label`
--

INSERT INTO `label` (`label_id`, `label_name`, `label_score`, `createdAt`, `updatedAt`) VALUES
(1, 'town', 52, NULL, NULL),
(2, 'moutain', 83, NULL, NULL),
(3, 'slient', 64, NULL, NULL),
(4, 'temple', 96, NULL, NULL),
(5, 'katana', 8, NULL, NULL),
(6, 'shinkansen', 50, NULL, NULL),
(7, 'clean', 56, NULL, NULL),
(8, 'friend', 8, NULL, NULL),
(9, 'sushi', 25, NULL, NULL),
(10, 'playground', 25, NULL, NULL),
(11, 'white day', 58, NULL, NULL),
(12, 'department', 95, NULL, NULL),
(13, 'technology', 14, NULL, NULL),
(14, 'outdoor', 54, NULL, NULL),
(15, 'oni', 31, NULL, NULL),
(16, 'weapon', 76, NULL, NULL),
(17, 'night', 73, NULL, NULL),
(18, 'nuke', 75, NULL, NULL),
(19, 'boat', 7, NULL, NULL),
(20, 'park', 93, NULL, NULL),
(21, 'walking', 85, NULL, NULL),
(22, 'natural', 89, NULL, NULL),
(23, 'war', 76, NULL, NULL),
(24, 'snow', 27, NULL, NULL),
(25, 'sea', 90, NULL, NULL),
(26, 'school', 3, NULL, NULL),
(27, 'yakuza', 42, NULL, NULL),
(28, 'robot', 18, NULL, NULL),
(29, 'flower', 97, NULL, NULL),
(30, 'lake', 99, NULL, NULL),
(31, 'bike', 50, NULL, NULL),
(32, 'stand', 61, NULL, NULL),
(33, 'farm', 45, NULL, NULL),
(34, 'movie', 55, NULL, NULL),
(35, 'indoor', 55, NULL, NULL),
(36, 'noisy', 64, NULL, NULL),
(37, 'biologic', 22, NULL, NULL),
(38, 'festival', 57, NULL, NULL),
(39, 'opera', 78, NULL, NULL),
(40, 'fruit', 9, NULL, NULL),
(41, 'gundam', 16, NULL, NULL),
(42, 'colorfull', 74, NULL, NULL),
(43, 'religion', 18, NULL, NULL),
(44, 'math', 21, NULL, NULL),
(45, 'tanabata', 58, NULL, NULL),
(46, 'zoo', 80, NULL, NULL),
(47, 'apple', 9, NULL, NULL),
(48, 'history', 76, NULL, NULL),
(49, 'sunshine', 71, NULL, NULL),
(50, 'party', 35, NULL, NULL),
(51, 'dango', 22, NULL, NULL),
(52, 'winter', 81, NULL, NULL),
(53, 'label_id', 51, NULL, NULL),
(54, 'airplane', 46, NULL, NULL),
(55, 'love', 59, NULL, NULL),
(56, 'music', 86, NULL, NULL),
(57, 'illumination', 72, NULL, NULL),
(58, 'alien', 62, NULL, NULL),
(59, 'bar', 85, NULL, NULL),
(60, 'drive', 85, NULL, NULL),
(62, 'family', 83, NULL, NULL),
(63, 'calture', 88, NULL, NULL),
(64, 'seichi', 90, NULL, NULL),
(65, 'expensive', 80, NULL, NULL),
(66, 'date', 84, NULL, NULL),
(67, 'dish', 29, NULL, NULL),
(68, 'romantic', 31, NULL, NULL),
(69, 'station', 95, NULL, NULL),
(70, 'tv', 3, NULL, NULL),
(71, 'pokemon go', 19, NULL, NULL),
(72, 'cheap', 90, NULL, NULL),
(73, 'ramen', 24, NULL, NULL),
(74, 'okonomiyaki', 40, NULL, NULL),
(75, 'summer', 82, NULL, NULL),
(76, 'Oregairu', 72, NULL, NULL),
(77, 'mafia', 41, NULL, NULL),
(78, 'battle ship', 45, NULL, NULL),
(79, 'onsen', 92, NULL, NULL),
(80, 'clamping', 55, NULL, NULL),
(81, 'old thing', 12, NULL, NULL),
(82, 'altium', 81, NULL, NULL),
(83, 'university', 84, NULL, NULL),
(84, 'spring', 83, NULL, NULL),
(85, 'mascot', 23, NULL, NULL),
(86, 'Fate/Apocrypha', 52, NULL, NULL),
(87, 'snow', 38, NULL, NULL),
(88, 'alone', 30, NULL, NULL),
(89, 'singer', 14, NULL, NULL),
(90, 'sleepy', 66, NULL, NULL),
(91, 'science', 22, NULL, NULL),
(92, 'art', 97, NULL, NULL),
(93, 'science', 77, NULL, NULL),
(94, 'office', 79, NULL, NULL),
(95, 'idol', 15, NULL, NULL),
(96, 'wood', 52, NULL, NULL),
(97, 'scary', 69, NULL, NULL),
(98, 'car', 51, NULL, NULL),
(99, 'museum', 98, NULL, NULL),
(100, 'single', 15, NULL, NULL),
(101, 'castle', 100, NULL, NULL),
(102, 'sea', 98, NULL, NULL);

-- --------------------------------------------------------

--
-- Table structure for table `log`
--

CREATE TABLE `log` (
  `log_id` int(10) UNSIGNED NOT NULL,
  `user_id` int(11) DEFAULT NULL,
  `state_id` int(11) DEFAULT NULL,
  `component_id` int(11) DEFAULT NULL,
  `message` varchar(500) DEFAULT NULL,
  `createdAt` datetime DEFAULT NULL,
  `updatedAt` datetime DEFAULT NULL
) ENGINE=InnoDB DEFAULT CHARSET=utf8;

--
-- Dumping data for table `log`
--

INSERT INTO `log` (`log_id`, `user_id`, `state_id`, `component_id`, `message`, `createdAt`, `updatedAt`) VALUES
(1, 1, 1, 3, 'end', '2017-07-18 21:42:03', '2017-07-18 21:42:03'),
(2, 1, 1, 2, 'start', '2017-07-18 21:50:07', '2017-07-18 21:50:07'),
(3, 1, 1, 5, 'no', '2017-07-18 21:50:10', '2017-07-18 21:50:10'),
(4, 1, 1, 4, 'yes', '2017-07-18 21:50:14', '2017-07-18 21:50:14'),
(5, 1, 3, 3, 'yes', '2017-07-18 21:50:14', '2017-07-18 21:50:14'),
(6, 1, 1, 6, 'like', '2017-07-18 21:50:31', '2017-07-18 21:50:31'),
(7, 1, 1, 2, 'start', '2017-07-18 21:53:22', '2017-07-18 21:53:22'),
(8, 1, 1, 5, 'no', '2017-07-18 21:53:24', '2017-07-18 21:53:24'),
(9, 1, 1, 4, 'yes', '2017-07-18 21:53:27', '2017-07-18 21:53:27'),
(10, 1, 3, 3, 'yes', '2017-07-18 21:53:27', '2017-07-18 21:53:27'),
(11, 1, 1, 3, 'end', '2017-07-18 22:13:51', '2017-07-18 22:13:51'),
(12, 1, 1, 2, 'start', '2017-07-18 22:13:53', '2017-07-18 22:13:53'),
(13, 1, 1, 5, 'no', '2017-07-18 22:13:58', '2017-07-18 22:13:58'),
(14, 1, 1, 4, 'yes', '2017-07-18 22:14:02', '2017-07-18 22:14:02'),
(15, 1, 3, 3, 'yes', '2017-07-18 22:14:02', '2017-07-18 22:14:02'),
(16, 1, 1, 2, 'start', '2017-07-18 22:14:24', '2017-07-18 22:14:24'),
(17, 1, 1, 5, 'no', '2017-07-18 22:14:28', '2017-07-18 22:14:28'),
(18, 1, 3, 3, 'no', '2017-07-18 22:14:28', '2017-07-18 22:14:28'),
(19, 1, 1, 2, 'start', '2017-07-18 22:14:46', '2017-07-18 22:14:46'),
(20, 1, 1, 5, 'no', '2017-07-18 22:14:48', '2017-07-18 22:14:48'),
(21, 1, 3, 3, 'no', '2017-07-18 22:14:49', '2017-07-18 22:14:49'),
(22, 1, 1, 2, 'start', '2017-07-18 22:15:14', '2017-07-18 22:15:14'),
(23, 1, 1, 5, 'no', '2017-07-18 22:15:16', '2017-07-18 22:15:16'),
(24, 1, 1, 5, 'no', '2017-07-18 22:15:22', '2017-07-18 22:15:22'),
(25, 1, 1, 4, 'yes', '2017-07-18 22:15:27', '2017-07-18 22:15:27'),
(26, 1, 1, 4, 'yes', '2017-07-18 22:15:32', '2017-07-18 22:15:32'),
(27, 1, 3, 3, 'yes', '2017-07-18 22:15:32', '2017-07-18 22:15:32'),
(28, 1, 1, 3, 'end', '2017-07-18 22:16:29', '2017-07-18 22:16:29'),
(29, 1, 1, 2, 'start', '2017-07-18 22:16:33', '2017-07-18 22:16:33'),
(30, 1, 1, 5, 'no', '2017-07-18 22:16:36', '2017-07-18 22:16:36'),
(31, 1, 1, 4, 'yes', '2017-07-18 22:16:38', '2017-07-18 22:16:38'),
(32, 1, 3, 3, 'yes', '2017-07-18 22:16:38', '2017-07-18 22:16:38'),
(33, 1, 1, 3, 'end', '2017-07-18 22:16:51', '2017-07-18 22:16:51'),
(34, 1, 1, 2, 'start', '2017-07-18 22:17:03', '2017-07-18 22:17:03'),
(35, 1, 1, 5, 'no', '2017-07-18 22:17:06', '2017-07-18 22:17:06'),
(36, 1, 1, 5, 'no', '2017-07-18 22:17:08', '2017-07-18 22:17:08'),
(37, 1, 1, 4, 'yes', '2017-07-18 22:17:10', '2017-07-18 22:17:10'),
(38, 1, 3, 3, 'yes', '2017-07-18 22:17:10', '2017-07-18 22:17:10'),
(39, 1, 1, 2, 'start', '2017-07-18 22:32:27', '2017-07-18 22:32:27'),
(40, 1, 1, 5, 'no', '2017-07-18 22:32:30', '2017-07-18 22:32:30'),
(41, 1, 1, 5, 'no', '2017-07-18 22:32:33', '2017-07-18 22:32:33'),
(42, 1, 1, 4, 'yes', '2017-07-18 22:32:35', '2017-07-18 22:32:35'),
(43, 1, 3, 3, 'yes', '2017-07-18 22:32:35', '2017-07-18 22:32:35'),
(44, 1, 1, 2, 'start', '2017-07-18 22:32:57', '2017-07-18 22:32:57'),
(45, 1, 1, 5, 'no', '2017-07-18 22:32:59', '2017-07-18 22:32:59'),
(46, 1, 3, 3, 'no', '2017-07-18 22:32:59', '2017-07-18 22:32:59'),
(47, 1, 1, 2, 'start', '2017-07-18 22:33:30', '2017-07-18 22:33:30'),
(48, 1, 1, 5, 'no', '2017-07-18 22:33:34', '2017-07-18 22:33:34'),
(49, 1, 3, 3, 'no', '2017-07-18 22:33:34', '2017-07-18 22:33:34'),
(50, 1, 1, 2, 'start', '2017-07-18 22:34:57', '2017-07-18 22:34:57'),
(51, 1, 1, 5, 'no', '2017-07-18 22:35:00', '2017-07-18 22:35:00'),
(52, 1, 1, 5, 'no', '2017-07-18 22:35:02', '2017-07-18 22:35:02'),
(53, 1, 1, 2, 'start', '2017-07-18 22:35:07', '2017-07-18 22:35:07'),
(54, 1, 1, 4, 'yes', '2017-07-18 22:35:17', '2017-07-18 22:35:17'),
(55, 1, 3, 3, 'yes', '2017-07-18 22:35:17', '2017-07-18 22:35:17'),
(56, 1, 1, 2, 'start', '2017-07-19 21:05:32', '2017-07-19 21:05:32'),
(57, 1, 1, 3, 'end', '2017-07-19 21:05:39', '2017-07-19 21:05:39'),
(58, 1, 1, 2, 'start', '2017-07-19 21:09:00', '2017-07-19 21:09:00'),
(59, 1, 1, 5, 'no', '2017-07-19 21:09:29', '2017-07-19 21:09:29'),
(60, 1, 1, 3, 'end', '2017-07-19 21:13:54', '2017-07-19 21:13:54'),
(61, 1, 1, 2, 'start', '2017-07-19 21:13:56', '2017-07-19 21:13:56'),
(62, 1, 1, 5, 'no', '2017-07-19 21:13:59', '2017-07-19 21:13:59'),
(63, 1, 1, 3, 'end', '2017-07-19 21:15:17', '2017-07-19 21:15:17'),
(64, 1, 1, 2, 'start', '2017-07-19 21:15:19', '2017-07-19 21:15:19'),
(65, 1, 1, 5, 'no', '2017-07-19 21:15:24', '2017-07-19 21:15:24'),
(66, 1, 1, 3, 'end', '2017-07-19 21:16:52', '2017-07-19 21:16:52'),
(67, 1, 1, 2, 'start', '2017-07-19 21:16:54', '2017-07-19 21:16:54'),
(68, 1, 1, 5, 'no', '2017-07-19 21:16:57', '2017-07-19 21:16:57'),
(69, 1, 1, 3, 'end', '2017-07-19 21:18:28', '2017-07-19 21:18:28'),
(70, 1, 1, 2, 'start', '2017-07-19 21:18:37', '2017-07-19 21:18:37'),
(71, 1, 1, 5, 'no', '2017-07-19 21:18:40', '2017-07-19 21:18:40'),
(72, 1, 1, 3, 'end', '2017-07-19 21:19:10', '2017-07-19 21:19:10'),
(73, 1, 1, 2, 'start', '2017-07-19 21:19:12', '2017-07-19 21:19:12'),
(74, 1, 1, 5, 'no', '2017-07-19 21:19:14', '2017-07-19 21:19:14'),
(75, 1, 1, 3, 'end', '2017-07-19 21:24:59', '2017-07-19 21:24:59'),
(76, 1, 1, 2, 'start', '2017-07-19 21:25:03', '2017-07-19 21:25:03'),
(77, 1, 1, 5, 'no', '2017-07-19 21:25:06', '2017-07-19 21:25:06'),
(78, 1, 1, 3, 'end', '2017-07-19 21:25:11', '2017-07-19 21:25:11'),
(79, 1, 1, 2, 'start', '2017-07-19 21:26:29', '2017-07-19 21:26:29'),
(80, 1, 1, 5, 'no', '2017-07-19 21:28:46', '2017-07-19 21:28:46'),
(81, 1, 1, 5, 'no', '2017-07-19 21:29:42', '2017-07-19 21:29:42'),
(82, 1, 1, 5, 'no', '2017-07-19 21:30:25', '2017-07-19 21:30:25'),
(83, 1, 1, 5, 'no', '2017-07-19 21:31:00', '2017-07-19 21:31:00'),
(84, 2, 1, 2, 'start', '2017-07-19 21:31:51', '2017-07-19 21:31:51'),
(85, 1, 1, 4, 'yes', '2017-07-19 21:32:46', '2017-07-19 21:32:46'),
(86, 2, 1, 3, 'end', '2017-07-19 21:33:25', '2017-07-19 21:33:25'),
(87, 1, 1, 5, 'no', '2017-07-19 21:34:21', '2017-07-19 21:34:21'),
(88, 1, 1, 5, 'no', '2017-07-19 21:35:44', '2017-07-19 21:35:44'),
(89, 1, 1, 5, 'no', '2017-07-19 21:36:50', '2017-07-19 21:36:50'),
(90, 1, 1, 4, 'yes', '2017-07-19 21:37:14', '2017-07-19 21:37:14'),
(91, 1, 1, 5, 'no', '2017-07-19 21:38:31', '2017-07-19 21:38:31'),
(92, 2, 1, 2, 'start', '2017-07-19 21:43:14', '2017-07-19 21:43:14'),
(93, 2, 1, 3, 'end', '2017-07-19 21:44:43', '2017-07-19 21:44:43'),
(94, 1, 1, 2, 'start', '2017-07-19 21:44:50', '2017-07-19 21:44:50'),
(95, 1, 1, 3, 'end', '2017-07-19 21:44:58', '2017-07-19 21:44:58'),
(96, 1, 1, 2, 'start', '2017-07-19 21:45:03', '2017-07-19 21:45:03'),
(97, 2, 1, 2, 'start', '2017-07-19 21:45:08', '2017-07-19 21:45:08'),
(98, 1, 1, 5, 'no', '2017-07-19 21:45:46', '2017-07-19 21:45:46'),
(99, 2, 1, 4, 'yes', '2017-07-19 21:46:05', '2017-07-19 21:46:05'),
(100, 1, 1, 5, 'no', '2017-07-19 21:47:16', '2017-07-19 21:47:16'),
(101, 2, 1, 4, 'yes', '2017-07-19 21:47:49', '2017-07-19 21:47:49'),
(102, 1, 1, 4, 'yes', '2017-07-19 21:48:06', '2017-07-19 21:48:06'),
(103, 2, 1, 5, 'no', '2017-07-19 21:48:19', '2017-07-19 21:48:19'),
(104, 1, 1, 5, 'no', '2017-07-19 21:48:38', '2017-07-19 21:48:38'),
(105, 2, 1, 4, 'yes', '2017-07-19 21:48:48', '2017-07-19 21:48:48'),
(106, 2, 1, 4, 'yes', '2017-07-19 21:49:05', '2017-07-19 21:49:05'),
(107, 1, 1, 4, 'yes', '2017-07-19 21:49:23', '2017-07-19 21:49:23'),
(108, 2, 1, 5, 'no', '2017-07-19 21:49:38', '2017-07-19 21:49:38'),
(109, 1, 1, 4, 'yes', '2017-07-19 21:49:58', '2017-07-19 21:49:58'),
(110, 2, 1, 4, 'yes', '2017-07-19 21:50:27', '2017-07-19 21:50:27'),
(111, 1, 1, 5, 'no', '2017-07-19 21:50:48', '2017-07-19 21:50:48'),
(112, 2, 1, 5, 'no', '2017-07-19 21:50:58', '2017-07-19 21:50:58'),
(113, 1, 1, 5, 'no', '2017-07-19 21:51:54', '2017-07-19 21:51:54'),
(114, 1, 1, 4, 'yes', '2017-07-19 21:52:00', '2017-07-19 21:52:00'),
(115, 2, 1, 5, 'no', '2017-07-19 21:52:33', '2017-07-19 21:52:33'),
(116, 2, 1, 5, 'no', '2017-07-19 21:52:54', '2017-07-19 21:52:54'),
(117, 1, 1, 5, 'no', '2017-07-19 21:54:27', '2017-07-19 21:54:27'),
(118, 2, 1, 2, 'start', '2017-07-19 21:59:33', '2017-07-19 21:59:33'),
(119, 2, 1, 3, 'end', '2017-07-19 21:59:41', '2017-07-19 21:59:41'),
(120, 2, 1, 2, 'start', '2017-07-19 21:59:45', '2017-07-19 21:59:45'),
(121, 2, 1, 4, 'yes', '2017-07-19 22:01:06', '2017-07-19 22:01:06'),
(122, 2, 1, 4, 'yes', '2017-07-19 22:01:35', '2017-07-19 22:01:35'),
(123, 2, 1, 4, 'yes', '2017-07-19 22:01:53', '2017-07-19 22:01:53'),
(124, 2, 1, 4, 'yes', '2017-07-19 22:02:23', '2017-07-19 22:02:23'),
(125, 2, 1, 4, 'yes', '2017-07-19 22:02:46', '2017-07-19 22:02:46'),
(126, 2, 1, 5, 'no', '2017-07-19 22:03:11', '2017-07-19 22:03:11'),
(127, 2, 1, 4, 'yes', '2017-07-19 22:03:29', '2017-07-19 22:03:29'),
(128, 2, 1, 5, 'no', '2017-07-19 22:03:50', '2017-07-19 22:03:50'),
(129, 2, 1, 5, 'no', '2017-07-19 22:04:05', '2017-07-19 22:04:05'),
(130, 2, 1, 5, 'no', '2017-07-19 22:04:30', '2017-07-19 22:04:30'),
(131, 6, 1, 2, 'start', '2017-07-20 15:56:04', '2017-07-20 15:56:04'),
(132, 6, 1, 3, 'end', '2017-07-20 15:56:14', '2017-07-20 15:56:14'),
(133, 6, 1, 2, 'start', '2017-07-20 15:56:18', '2017-07-20 15:56:18'),
(134, 6, 1, 3, 'end', '2017-07-20 15:56:23', '2017-07-20 15:56:23'),
(135, 6, 1, 2, 'start', '2017-07-20 15:56:29', '2017-07-20 15:56:29'),
(136, 3, 1, 3, 'end', '2017-07-20 15:59:46', '2017-07-20 15:59:46'),
(137, 3, 1, 2, 'start', '2017-07-20 15:59:58', '2017-07-20 15:59:58'),
(138, 3, 1, 4, 'yes', '2017-07-20 16:00:10', '2017-07-20 16:00:10'),
(139, 3, 1, 4, 'yes', '2017-07-20 16:00:17', '2017-07-20 16:00:17'),
(140, 3, 1, 5, 'no', '2017-07-20 16:00:21', '2017-07-20 16:00:21'),
(141, 3, 1, 5, 'no', '2017-07-20 16:00:25', '2017-07-20 16:00:25'),
(142, 3, 1, 4, 'yes', '2017-07-20 16:00:31', '2017-07-20 16:00:31'),
(143, 3, 1, 4, 'yes', '2017-07-20 16:00:37', '2017-07-20 16:00:37'),
(144, 3, 1, 5, 'no', '2017-07-20 16:00:40', '2017-07-20 16:00:40'),
(145, 3, 1, 4, 'yes', '2017-07-20 16:00:47', '2017-07-20 16:00:47'),
(146, 3, 1, 4, 'yes', '2017-07-20 16:00:52', '2017-07-20 16:00:52'),
(147, 3, 1, 5, 'no', '2017-07-20 16:00:58', '2017-07-20 16:00:58'),
(148, 3, 4, 3, 'no', '2017-07-20 16:00:58', '2017-07-20 16:00:58'),
(149, 3, 1, 3, 'end', '2017-07-20 16:02:54', '2017-07-20 16:02:54'),
(150, 3, 1, 2, 'start', '2017-07-20 16:02:58', '2017-07-20 16:02:58'),
(151, 3, 1, 5, 'no', '2017-07-20 16:03:03', '2017-07-20 16:03:03'),
(152, 3, 1, 4, 'yes', '2017-07-20 16:03:08', '2017-07-20 16:03:08'),
(153, 3, 1, 4, 'yes', '2017-07-20 16:03:11', '2017-07-20 16:03:11'),
(154, 3, 3, 3, 'yes', '2017-07-20 16:03:11', '2017-07-20 16:03:11'),
(155, 3, 1, 3, 'end', '2017-07-20 16:03:40', '2017-07-20 16:03:40'),
(156, 3, 1, 2, 'start', '2017-07-20 16:03:47', '2017-07-20 16:03:47'),
(157, 3, 1, 4, 'yes', '2017-07-20 16:03:55', '2017-07-20 16:03:55'),
(158, 3, 1, 5, 'no', '2017-07-20 16:03:59', '2017-07-20 16:03:59'),
(159, 3, 1, 5, 'no', '2017-07-20 16:04:02', '2017-07-20 16:04:02'),
(160, 3, 1, 4, 'yes', '2017-07-20 16:04:06', '2017-07-20 16:04:06'),
(161, 3, 1, 4, 'yes', '2017-07-20 16:04:09', '2017-07-20 16:04:09'),
(162, 3, 1, 5, 'no', '2017-07-20 16:04:13', '2017-07-20 16:04:13'),
(163, 3, 1, 5, 'no', '2017-07-20 16:04:17', '2017-07-20 16:04:17'),
(164, 3, 1, 4, 'yes', '2017-07-20 16:04:21', '2017-07-20 16:04:21'),
(165, 3, 1, 4, 'yes', '2017-07-20 16:04:24', '2017-07-20 16:04:24'),
(166, 3, 1, 4, 'yes', '2017-07-20 16:04:27', '2017-07-20 16:04:27'),
(167, 3, 4, 3, 'yes', '2017-07-20 16:04:27', '2017-07-20 16:04:27'),
(168, 4, 1, 3, 'end', '2017-07-20 16:11:07', '2017-07-20 16:11:07'),
(169, 4, 1, 3, 'end', '2017-07-20 16:31:01', '2017-07-20 16:31:01'),
(170, 4, 1, 2, 'start', '2017-07-20 16:31:07', '2017-07-20 16:31:07'),
(171, 4, 1, 4, 'yes', '2017-07-20 16:31:46', '2017-07-20 16:31:46'),
(172, 4, 3, 3, 'yes', '2017-07-20 16:31:47', '2017-07-20 16:31:47'),
(173, 5, 1, 2, 'start', '2017-07-20 16:32:17', '2017-07-20 16:32:17'),
(174, 5, 1, 3, 'end', '2017-07-20 16:32:28', '2017-07-20 16:32:28'),
(175, 5, 1, 2, 'start', '2017-07-20 16:32:32', '2017-07-20 16:32:32'),
(176, 5, 1, 2, 'start', '2017-07-20 16:32:59', '2017-07-20 16:32:59'),
(177, 5, 1, 3, 'end', '2017-07-20 16:33:03', '2017-07-20 16:33:03'),
(178, 5, 1, 2, 'start', '2017-07-20 16:33:09', '2017-07-20 16:33:09'),
(179, 5, 1, 4, 'yes', '2017-07-20 16:33:24', '2017-07-20 16:33:24'),
(180, 5, 1, 4, 'yes', '2017-07-20 16:33:34', '2017-07-20 16:33:34'),
(181, 5, 1, 5, 'no', '2017-07-20 16:33:42', '2017-07-20 16:33:42'),
(182, 5, 1, 5, 'no', '2017-07-20 16:33:49', '2017-07-20 16:33:49'),
(183, 5, 1, 4, 'yes', '2017-07-20 16:33:56', '2017-07-20 16:33:56'),
(184, 5, 1, 5, 'no', '2017-07-20 16:34:04', '2017-07-20 16:34:04'),
(185, 5, 1, 4, 'yes', '2017-07-20 16:34:12', '2017-07-20 16:34:12'),
(186, 5, 1, 5, 'no', '2017-07-20 16:34:22', '2017-07-20 16:34:22'),
(187, 5, 1, 4, 'yes', '2017-07-20 16:34:28', '2017-07-20 16:34:28'),
(188, 5, 1, 5, 'no', '2017-07-20 16:34:33', '2017-07-20 16:34:33'),
(189, 5, 4, 3, 'no', '2017-07-20 16:34:34', '2017-07-20 16:34:34'),
(190, 5, 1, 2, 'start', '2017-07-20 16:35:48', '2017-07-20 16:35:48'),
(191, 5, 1, 4, 'yes', '2017-07-20 16:35:55', '2017-07-20 16:35:55'),
(192, 5, 3, 3, 'yes', '2017-07-20 16:35:55', '2017-07-20 16:35:55'),
(193, 5, 1, 6, 'like', '2017-07-20 16:36:18', '2017-07-20 16:36:18'),
(194, 5, 1, 2, 'start', '2017-07-20 16:36:25', '2017-07-20 16:36:25'),
(195, 5, 1, 4, 'yes', '2017-07-20 16:36:32', '2017-07-20 16:36:32'),
(196, 5, 3, 3, 'yes', '2017-07-20 16:36:32', '2017-07-20 16:36:32'),
(197, 5, 1, 7, 'dislike', '2017-07-20 16:37:09', '2017-07-20 16:37:09'),
(198, 5, 1, 2, 'start', '2017-07-20 16:37:16', '2017-07-20 16:37:16'),
(199, 5, 1, 4, 'yes', '2017-07-20 16:37:25', '2017-07-20 16:37:25'),
(200, 5, 3, 3, 'yes', '2017-07-20 16:37:25', '2017-07-20 16:37:25'),
(201, 5, 1, 3, 'end', '2017-07-20 18:05:25', '2017-07-20 18:05:25'),
(202, 5, 1, 2, 'start', '2017-07-20 18:05:28', '2017-07-20 18:05:28'),
(203, 5, 1, 5, 'no', '2017-07-20 18:06:14', '2017-07-20 18:06:14'),
(204, 5, 1, 5, 'no', '2017-07-20 18:06:47', '2017-07-20 18:06:47'),
(205, 5, 1, 4, 'yes', '2017-07-20 18:07:02', '2017-07-20 18:07:02'),
(206, 5, 1, 5, 'no', '2017-07-20 18:07:17', '2017-07-20 18:07:17'),
(207, 5, 1, 5, 'no', '2017-07-20 18:07:31', '2017-07-20 18:07:31'),
(208, 5, 1, 4, 'yes', '2017-07-20 18:07:44', '2017-07-20 18:07:44'),
(209, 5, 1, 5, 'no', '2017-07-20 18:08:03', '2017-07-20 18:08:03'),
(210, 5, 1, 4, 'yes', '2017-07-20 18:08:27', '2017-07-20 18:08:27'),
(211, 5, 1, 5, 'no', '2017-07-20 18:08:43', '2017-07-20 18:08:43'),
(212, 5, 1, 4, 'yes', '2017-07-20 18:09:06', '2017-07-20 18:09:06'),
(213, 5, 4, 3, 'yes', '2017-07-20 18:09:06', '2017-07-20 18:09:06'),
(214, 5, 1, 2, 'start', '2017-07-20 18:10:24', '2017-07-20 18:10:24'),
(215, 5, 1, 5, 'no', '2017-07-20 18:11:04', '2017-07-20 18:11:04'),
(216, 5, 1, 5, 'no', '2017-07-20 18:11:22', '2017-07-20 18:11:22'),
(217, 5, 1, 4, 'yes', '2017-07-20 18:11:40', '2017-07-20 18:11:40'),
(218, 5, 1, 5, 'no', '2017-07-20 18:11:55', '2017-07-20 18:11:55'),
(219, 5, 1, 4, 'yes', '2017-07-20 18:12:13', '2017-07-20 18:12:13'),
(220, 5, 1, 5, 'no', '2017-07-20 18:12:33', '2017-07-20 18:12:33'),
(221, 5, 1, 4, 'yes', '2017-07-20 18:12:46', '2017-07-20 18:12:46'),
(222, 5, 1, 5, 'no', '2017-07-20 18:13:02', '2017-07-20 18:13:02'),
(223, 5, 1, 5, 'no', '2017-07-20 18:13:46', '2017-07-20 18:13:46'),
(224, 5, 1, 5, 'no', '2017-07-20 18:13:57', '2017-07-20 18:13:57'),
(225, 5, 4, 3, 'no', '2017-07-20 18:13:57', '2017-07-20 18:13:57'),
(226, 5, 1, 2, 'start', '2017-07-20 18:16:16', '2017-07-20 18:16:16'),
(227, 5, 1, 5, 'no', '2017-07-20 18:16:31', '2017-07-20 18:16:31'),
(228, 5, 1, 5, 'no', '2017-07-20 18:16:46', '2017-07-20 18:16:46'),
(229, 5, 1, 5, 'no', '2017-07-20 18:16:58', '2017-07-20 18:16:58'),
(230, 5, 1, 5, 'no', '2017-07-20 18:17:16', '2017-07-20 18:17:16'),
(231, 5, 1, 4, 'yes', '2017-07-20 18:17:32', '2017-07-20 18:17:32'),
(232, 5, 1, 5, 'no', '2017-07-20 18:17:48', '2017-07-20 18:17:48'),
(233, 5, 1, 5, 'no', '2017-07-20 18:18:04', '2017-07-20 18:18:04'),
(234, 5, 1, 4, 'yes', '2017-07-20 18:18:20', '2017-07-20 18:18:20'),
(235, 5, 1, 4, 'yes', '2017-07-20 18:18:33', '2017-07-20 18:18:33'),
(236, 5, 1, 5, 'no', '2017-07-20 18:18:56', '2017-07-20 18:18:56'),
(237, 5, 4, 3, 'no', '2017-07-20 18:18:56', '2017-07-20 18:18:56'),
(238, 5, 1, 2, 'start', '2017-07-20 18:20:24', '2017-07-20 18:20:24'),
(239, 5, 1, 5, 'no', '2017-07-20 18:20:43', '2017-07-20 18:20:43'),
(240, 5, 1, 5, 'no', '2017-07-20 18:21:02', '2017-07-20 18:21:02'),
(241, 5, 1, 5, 'no', '2017-07-20 18:21:15', '2017-07-20 18:21:15'),
(242, 5, 1, 4, 'yes', '2017-07-20 18:21:31', '2017-07-20 18:21:31'),
(243, 5, 1, 5, 'no', '2017-07-20 18:21:45', '2017-07-20 18:21:45'),
(244, 5, 1, 5, 'no', '2017-07-20 18:22:02', '2017-07-20 18:22:02'),
(245, 5, 1, 5, 'no', '2017-07-20 18:22:16', '2017-07-20 18:22:16'),
(246, 5, 1, 5, 'no', '2017-07-20 18:22:36', '2017-07-20 18:22:36'),
(247, 5, 1, 4, 'yes', '2017-07-20 18:22:59', '2017-07-20 18:22:59'),
(248, 5, 1, 5, 'no', '2017-07-20 18:23:17', '2017-07-20 18:23:17'),
(249, 5, 4, 3, 'no', '2017-07-20 18:23:17', '2017-07-20 18:23:17'),
(250, 5, 1, 2, 'start', '2017-07-20 18:25:41', '2017-07-20 18:25:41'),
(251, 5, 1, 4, 'yes', '2017-07-20 18:25:57', '2017-07-20 18:25:57'),
(252, 5, 3, 3, 'yes', '2017-07-20 18:25:57', '2017-07-20 18:25:57'),
(253, 5, 1, 7, 'dislike', '2017-07-20 18:27:20', '2017-07-20 18:27:20'),
(254, 5, 1, 2, 'start', '2017-07-20 18:29:09', '2017-07-20 18:29:09'),
(255, 5, 1, 4, 'yes', '2017-07-20 18:29:27', '2017-07-20 18:29:27'),
(256, 5, 3, 3, 'yes', '2017-07-20 18:29:28', '2017-07-20 18:29:28'),
(257, 5, 1, 7, 'Dislike', '2017-07-20 18:29:46', '2017-07-20 18:29:46'),
(258, 5, 1, 2, 'start', '2017-07-20 18:29:49', '2017-07-20 18:29:49'),
(259, 5, 1, 4, 'yes', '2017-07-20 18:29:51', '2017-07-20 18:29:51'),
(260, 5, 3, 3, 'yes', '2017-07-20 18:29:51', '2017-07-20 18:29:51'),
(261, 5, 1, 2, 'start', '2017-07-20 18:34:40', '2017-07-20 18:34:40'),
(262, 5, 1, 5, 'no', '2017-07-20 18:34:56', '2017-07-20 18:34:56'),
(263, 5, 1, 5, 'no', '2017-07-20 18:35:13', '2017-07-20 18:35:13'),
(264, 5, 1, 4, 'yes', '2017-07-20 18:35:34', '2017-07-20 18:35:34'),
(265, 5, 1, 5, 'no', '2017-07-20 18:35:56', '2017-07-20 18:35:56'),
(266, 5, 1, 5, 'no', '2017-07-20 18:36:12', '2017-07-20 18:36:12'),
(267, 5, 1, 4, 'yes', '2017-07-20 18:36:33', '2017-07-20 18:36:33'),
(268, 5, 1, 5, 'no', '2017-07-20 18:36:53', '2017-07-20 18:36:53'),
(269, 5, 1, 4, 'yes', '2017-07-20 18:37:11', '2017-07-20 18:37:11'),
(270, 5, 1, 5, 'no', '2017-07-20 18:37:25', '2017-07-20 18:37:25'),
(271, 5, 1, 4, 'yes', '2017-07-20 18:37:44', '2017-07-20 18:37:44'),
(272, 5, 4, 3, 'yes', '2017-07-20 18:37:44', '2017-07-20 18:37:44'),
(273, 5, 1, 2, 'start', '2017-07-20 18:39:15', '2017-07-20 18:39:15'),
(274, 5, 1, 5, 'no', '2017-07-20 18:39:31', '2017-07-20 18:39:31'),
(275, 5, 1, 4, 'yes', '2017-07-20 18:39:47', '2017-07-20 18:39:47'),
(276, 5, 1, 5, 'no', '2017-07-20 18:40:09', '2017-07-20 18:40:09'),
(277, 5, 1, 4, 'yes', '2017-07-20 18:40:22', '2017-07-20 18:40:22'),
(278, 5, 1, 4, 'yes', '2017-07-20 18:40:51', '2017-07-20 18:40:51'),
(279, 5, 1, 5, 'no', '2017-07-20 18:41:06', '2017-07-20 18:41:06'),
(280, 5, 1, 4, 'yes', '2017-07-20 18:41:33', '2017-07-20 18:41:33'),
(281, 5, 1, 5, 'no', '2017-07-20 18:42:03', '2017-07-20 18:42:03'),
(282, 5, 1, 5, 'no', '2017-07-20 18:42:22', '2017-07-20 18:42:22'),
(283, 5, 1, 5, 'no', '2017-07-20 18:42:27', '2017-07-20 18:42:27'),
(284, 5, 4, 3, 'no', '2017-07-20 18:42:27', '2017-07-20 18:42:27'),
(285, 5, 1, 2, 'start', '2017-07-20 18:43:22', '2017-07-20 18:43:22'),
(286, 5, 1, 5, 'no', '2017-07-20 18:43:26', '2017-07-20 18:43:26'),
(287, 1, 1, 2, 'start', '2017-07-20 18:43:37', '2017-07-20 18:43:37'),
(288, 1, 4, 3, 'start', '2017-07-20 18:43:37', '2017-07-20 18:43:37'),
(289, 1, 1, 3, 'end', '2017-07-20 18:43:42', '2017-07-20 18:43:42'),
(290, 1, 1, 2, 'start', '2017-07-20 18:43:45', '2017-07-20 18:43:45'),
(291, 1, 1, 5, 'no', '2017-07-20 18:43:48', '2017-07-20 18:43:48'),
(292, 2, 1, 3, 'end', '2017-07-20 18:44:40', '2017-07-20 18:44:40'),
(293, 2, 1, 2, 'start', '2017-07-20 18:44:43', '2017-07-20 18:44:43'),
(294, 2, 1, 5, 'no', '2017-07-20 18:44:46', '2017-07-20 18:44:46'),
(295, 2, 1, 2, 'start', '2017-07-20 18:46:13', '2017-07-20 18:46:13'),
(296, 2, 1, 3, 'end', '2017-07-20 18:46:17', '2017-07-20 18:46:17'),
(297, 2, 1, 2, 'start', '2017-07-20 18:46:27', '2017-07-20 18:46:27'),
(298, 2, 1, 5, 'no', '2017-07-20 18:47:07', '2017-07-20 18:47:07'),
(299, 2, 1, 5, 'no', '2017-07-20 18:47:25', '2017-07-20 18:47:25'),
(300, 2, 1, 4, 'yes', '2017-07-20 18:47:52', '2017-07-20 18:47:52'),
(301, 2, 1, 5, 'no', '2017-07-20 18:48:10', '2017-07-20 18:48:10'),
(302, 2, 1, 5, 'no', '2017-07-20 18:48:28', '2017-07-20 18:48:28'),
(303, 2, 1, 4, 'yes', '2017-07-20 18:48:48', '2017-07-20 18:48:48'),
(304, 2, 1, 5, 'no', '2017-07-20 18:48:56', '2017-07-20 18:48:56'),
(305, 2, 1, 4, 'yes', '2017-07-20 18:49:11', '2017-07-20 18:49:11'),
(306, 2, 1, 5, 'no', '2017-07-20 18:49:31', '2017-07-20 18:49:31'),
(307, 2, 1, 4, 'yes', '2017-07-20 18:49:47', '2017-07-20 18:49:47'),
(308, 2, 4, 3, 'yes', '2017-07-20 18:49:47', '2017-07-20 18:49:47'),
(309, 1, 1, 2, 'start', '2017-07-20 18:56:34', '2017-07-20 18:56:34'),
(310, 1, 3, 3, 'start', '2017-07-20 18:56:34', '2017-07-20 18:56:34'),
(311, 1, 1, 3, 'end', '2017-07-20 18:56:38', '2017-07-20 18:56:38'),
(312, 1, 1, 2, 'start', '2017-07-20 18:56:42', '2017-07-20 18:56:42'),
(313, 1, 1, 4, 'yes', '2017-07-20 18:57:25', '2017-07-20 18:57:25'),
(314, 1, 1, 5, 'no', '2017-07-20 18:57:37', '2017-07-20 18:57:37'),
(315, 1, 1, 4, 'yes', '2017-07-20 18:57:51', '2017-07-20 18:57:51'),
(316, 1, 1, 4, 'yes', '2017-07-20 18:58:25', '2017-07-20 18:58:25'),
(317, 1, 1, 5, 'no', '2017-07-20 18:58:32', '2017-07-20 18:58:32'),
(318, 1, 4, 3, 'no', '2017-07-20 18:58:32', '2017-07-20 18:58:32'),
(319, 1, 1, 2, 'start', '2017-07-20 18:59:23', '2017-07-20 18:59:23'),
(320, 1, 1, 4, 'yes', '2017-07-20 18:59:38', '2017-07-20 18:59:38'),
(321, 1, 1, 5, 'no', '2017-07-20 19:00:01', '2017-07-20 19:00:01'),
(322, 1, 1, 4, 'yes', '2017-07-20 19:00:23', '2017-07-20 19:00:23'),
(323, 1, 4, 3, 'yes', '2017-07-20 19:00:23', '2017-07-20 19:00:23'),
(324, 1, 1, 2, 'start', '2017-07-20 19:02:14', '2017-07-20 19:02:14'),
(325, 1, 1, 5, 'no', '2017-07-20 19:02:48', '2017-07-20 19:02:48'),
(326, 1, 1, 4, 'yes', '2017-07-20 19:03:12', '2017-07-20 19:03:12'),
(327, 1, 4, 3, 'yes', '2017-07-20 19:03:12', '2017-07-20 19:03:12'),
(328, 1, 1, 2, 'start', '2017-07-20 19:03:15', '2017-07-20 19:03:15'),
(329, 1, 1, 4, 'yes', '2017-07-20 19:04:00', '2017-07-20 19:04:00'),
(330, 1, 1, 2, 'start', '2017-07-20 19:06:24', '2017-07-20 19:06:24'),
(331, 1, 1, 3, 'end', '2017-07-20 19:07:08', '2017-07-20 19:07:08'),
(332, 1, 1, 2, 'start', '2017-07-20 19:07:46', '2017-07-20 19:07:46'),
(333, 1, 1, 5, 'no', '2017-07-20 19:07:50', '2017-07-20 19:07:50'),
(334, 1, 3, 3, 'no', '2017-07-20 19:07:50', '2017-07-20 19:07:50'),
(335, 1, 1, 2, 'start', '2017-07-20 19:08:47', '2017-07-20 19:08:47'),
(336, 1, 1, 4, 'yes', '2017-07-20 19:09:06', '2017-07-20 19:09:06'),
(337, 1, 1, 5, 'no', '2017-07-20 19:09:30', '2017-07-20 19:09:30'),
(338, 1, 1, 5, 'no', '2017-07-20 19:09:38', '2017-07-20 19:09:38'),
(339, 1, 1, 5, 'no', '2017-07-20 19:09:40', '2017-07-20 19:09:40'),
(340, 1, 4, 3, 'no', '2017-07-20 19:09:40', '2017-07-20 19:09:40'),
(341, 1, 1, 2, 'start', '2017-07-20 19:10:30', '2017-07-20 19:10:30'),
(342, 1, 1, 5, 'no', '2017-07-20 19:10:53', '2017-07-20 19:10:53'),
(343, 1, 3, 3, 'no', '2017-07-20 19:10:53', '2017-07-20 19:10:53'),
(344, 1, 1, 6, 'Like', '2017-07-20 19:25:25', '2017-07-20 19:25:25'),
(345, 1, 1, 2, 'start', '2017-07-20 19:29:27', '2017-07-20 19:29:27'),
(346, 1, 1, 4, 'yes', '2017-07-20 19:30:48', '2017-07-20 19:30:48'),
(347, 1, 1, 4, 'yes', '2017-07-20 19:31:09', '2017-07-20 19:31:09'),
(348, 1, 1, 4, 'yes', '2017-07-20 19:31:23', '2017-07-20 19:31:23'),
(349, 1, 1, 4, 'yes', '2017-07-20 19:31:46', '2017-07-20 19:31:46'),
(350, 1, 1, 5, 'no', '2017-07-20 19:32:22', '2017-07-20 19:32:22'),
(351, 1, 1, 4, 'yes', '2017-07-20 19:32:52', '2017-07-20 19:32:52'),
(352, 1, 1, 5, 'no', '2017-07-20 19:33:19', '2017-07-20 19:33:19'),
(353, 1, 1, 4, 'yes', '2017-07-20 19:33:29', '2017-07-20 19:33:29'),
(354, 1, 1, 5, 'no', '2017-07-20 19:33:43', '2017-07-20 19:33:43'),
(355, 1, 1, 4, 'yes', '2017-07-20 19:33:53', '2017-07-20 19:33:53'),
(356, 1, 4, 3, 'yes', '2017-07-20 19:33:53', '2017-07-20 19:33:53'),
(357, 1, 1, 2, 'start', '2017-07-20 19:35:12', '2017-07-20 19:35:12'),
(358, 1, 1, 4, 'yes', '2017-07-20 19:35:21', '2017-07-20 19:35:21'),
(359, 1, 3, 3, 'yes', '2017-07-20 19:35:21', '2017-07-20 19:35:21'),
(360, 1, 1, 2, 'start', '2017-07-20 19:38:35', '2017-07-20 19:38:35'),
(361, 1, 1, 2, 'start', '2017-07-20 19:42:21', '2017-07-20 19:42:21'),
(362, 1, 1, 3, 'end', '2017-07-20 19:42:23', '2017-07-20 19:42:23'),
(363, 1, 1, 2, 'start', '2017-07-20 19:42:30', '2017-07-20 19:42:30'),
(364, 1, 1, 4, 'yes', '2017-07-20 19:42:49', '2017-07-20 19:42:49'),
(365, 1, 1, 4, 'yes', '2017-07-20 19:42:53', '2017-07-20 19:42:53'),
(366, 1, 1, 4, 'yes', '2017-07-20 19:42:55', '2017-07-20 19:42:55'),
(367, 1, 1, 4, 'yes', '2017-07-20 19:42:58', '2017-07-20 19:42:58'),
(368, 1, 1, 5, 'no', '2017-07-20 19:43:01', '2017-07-20 19:43:01'),
(369, 1, 1, 4, 'yes', '2017-07-20 19:43:11', '2017-07-20 19:43:11'),
(370, 1, 1, 5, 'no', '2017-07-20 19:43:24', '2017-07-20 19:43:24'),
(371, 1, 1, 4, 'yes', '2017-07-20 19:43:34', '2017-07-20 19:43:34'),
(372, 1, 1, 5, 'no', '2017-07-20 19:43:37', '2017-07-20 19:43:37'),
(373, 1, 1, 4, 'yes', '2017-07-20 19:43:46', '2017-07-20 19:43:46'),
(374, 1, 4, 3, 'yes', '2017-07-20 19:43:46', '2017-07-20 19:43:46'),
(375, 1, 1, 3, 'end', '2017-07-20 19:45:40', '2017-07-20 19:45:40'),
(376, 1, 1, 2, 'start', '2017-07-20 19:45:43', '2017-07-20 19:45:43'),
(377, 1, 1, 5, 'no', '2017-07-20 19:45:59', '2017-07-20 19:45:59'),
(378, 1, 1, 4, 'yes', '2017-07-20 19:46:23', '2017-07-20 19:46:23'),
(379, 1, 1, 5, 'no', '2017-07-20 19:46:51', '2017-07-20 19:46:51'),
(380, 1, 1, 4, 'yes', '2017-07-20 19:47:03', '2017-07-20 19:47:03'),
(381, 1, 4, 3, 'yes', '2017-07-20 19:47:03', '2017-07-20 19:47:03'),
(382, 1, 1, 3, 'end', '2017-07-20 19:47:49', '2017-07-20 19:47:49'),
(383, 1, 1, 2, 'start', '2017-07-20 19:48:00', '2017-07-20 19:48:00'),
(384, 1, 1, 5, 'no', '2017-07-20 19:48:14', '2017-07-20 19:48:14'),
(385, 1, 1, 4, 'yes', '2017-07-20 19:48:17', '2017-07-20 19:48:17'),
(386, 1, 1, 4, 'yes', '2017-07-20 19:48:29', '2017-07-20 19:48:29'),
(387, 1, 4, 3, 'yes', '2017-07-20 19:48:29', '2017-07-20 19:48:29'),
(388, 1, 1, 2, 'start', '2017-07-20 19:49:34', '2017-07-20 19:49:34'),
(389, 1, 1, 4, 'yes', '2017-07-20 19:49:39', '2017-07-20 19:49:39'),
(390, 1, 1, 4, 'yes', '2017-07-20 19:49:43', '2017-07-20 19:49:43'),
(391, 1, 1, 4, 'yes', '2017-07-20 19:50:02', '2017-07-20 19:50:02'),
(392, 1, 4, 3, 'yes', '2017-07-20 19:50:02', '2017-07-20 19:50:02'),
(393, 1, 1, 2, 'start', '2017-07-20 19:51:02', '2017-07-20 19:51:02'),
(394, 1, 1, 4, 'yes', '2017-07-20 19:51:06', '2017-07-20 19:51:06'),
(395, 1, 3, 3, 'yes', '2017-07-20 19:51:06', '2017-07-20 19:51:06'),
(396, 1, 1, 6, 'Like', '2017-07-20 19:53:11', '2017-07-20 19:53:11'),
(397, 1, 1, 2, 'start', '2017-07-20 19:53:13', '2017-07-20 19:53:13'),
(398, 1, 1, 4, 'yes', '2017-07-20 19:53:16', '2017-07-20 19:53:16'),
(399, 1, 3, 3, 'yes', '2017-07-20 19:53:16', '2017-07-20 19:53:16'),
(400, 1, 1, 6, 'Like', '2017-07-20 19:56:47', '2017-07-20 19:56:47'),
(401, 6, 1, 3, 'end', '2017-07-21 16:44:52', '2017-07-21 16:44:52'),
(402, 6, 1, 2, 'start', '2017-07-21 16:45:07', '2017-07-21 16:45:07'),
(403, 6, 1, 3, 'end', '2017-07-21 16:46:54', '2017-07-21 16:46:54'),
(404, 6, 1, 3, 'end', '2017-07-21 16:47:12', '2017-07-21 16:47:12'),
(405, 6, 1, 2, 'start', '2017-07-21 16:47:14', '2017-07-21 16:47:14'),
(406, 6, 1, 4, 'yes', '2017-07-21 16:47:36', '2017-07-21 16:47:36'),
(407, 6, 1, 5, 'no', '2017-07-21 16:47:42', '2017-07-21 16:47:42'),
(408, 6, 1, 4, 'yes', '2017-07-21 16:48:00', '2017-07-21 16:48:00'),
(409, 6, 1, 4, 'yes', '2017-07-21 16:48:07', '2017-07-21 16:48:07'),
(410, 6, 1, 4, 'yes', '2017-07-21 16:48:22', '2017-07-21 16:48:22'),
(411, 6, 1, 4, 'yes', '2017-07-21 16:48:36', '2017-07-21 16:48:36'),
(412, 6, 1, 5, 'no', '2017-07-21 16:48:50', '2017-07-21 16:48:50'),
(413, 6, 1, 5, 'no', '2017-07-21 16:48:55', '2017-07-21 16:48:55'),
(414, 6, 1, 5, 'no', '2017-07-21 16:49:02', '2017-07-21 16:49:02'),
(415, 6, 1, 4, 'yes', '2017-07-21 16:49:08', '2017-07-21 16:49:08'),
(416, 6, 4, 3, 'yes', '2017-07-21 16:49:08', '2017-07-21 16:49:08'),
(417, 6, 1, 3, 'end', '2017-07-21 16:50:39', '2017-07-21 16:50:39'),
(418, 6, 1, 2, 'start', '2017-07-21 16:50:41', '2017-07-21 16:50:41'),
(419, 6, 1, 5, 'no', '2017-07-21 16:50:57', '2017-07-21 16:50:57'),
(420, 6, 1, 4, 'yes', '2017-07-21 16:51:16', '2017-07-21 16:51:16'),
(421, 6, 1, 4, 'yes', '2017-07-21 16:51:42', '2017-07-21 16:51:42'),
(422, 6, 1, 4, 'yes', '2017-07-21 16:52:06', '2017-07-21 16:52:06'),
(423, 6, 1, 4, 'yes', '2017-07-21 16:52:16', '2017-07-21 16:52:16'),
(424, 6, 1, 4, 'yes', '2017-07-21 16:53:10', '2017-07-21 16:53:10'),
(425, 6, 1, 4, 'yes', '2017-07-21 16:53:13', '2017-07-21 16:53:13'),
(426, 6, 1, 5, 'no', '2017-07-21 16:53:27', '2017-07-21 16:53:27'),
(427, 6, 1, 5, 'no', '2017-07-21 16:53:47', '2017-07-21 16:53:47'),
(428, 6, 1, 5, 'no', '2017-07-21 16:53:52', '2017-07-21 16:53:52'),
(429, 6, 4, 3, 'no', '2017-07-21 16:53:52', '2017-07-21 16:53:52'),
(430, 6, 1, 3, 'end', '2017-07-21 16:56:07', '2017-07-21 16:56:07'),
(431, 6, 1, 2, 'start', '2017-07-21 16:56:10', '2017-07-21 16:56:10'),
(432, 6, 1, 4, 'yes', '2017-07-21 16:56:38', '2017-07-21 16:56:38'),
(433, 6, 3, 3, 'yes', '2017-07-21 16:56:38', '2017-07-21 16:56:38'),
(434, 6, 1, 6, 'Like', '2017-07-21 16:58:44', '2017-07-21 16:58:44'),
(435, 6, 1, 2, 'start', '2017-07-21 17:01:03', '2017-07-21 17:01:03'),
(436, 6, 1, 5, 'no', '2017-07-21 17:01:16', '2017-07-21 17:01:16'),
(437, 6, 1, 4, 'yes', '2017-07-21 17:01:20', '2017-07-21 17:01:20'),
(438, 6, 3, 3, 'yes', '2017-07-21 17:01:20', '2017-07-21 17:01:20'),
(439, 6, 1, 6, 'Like', '2017-07-21 17:02:48', '2017-07-21 17:02:48'),
(440, 6, 1, 2, 'start', '2017-07-21 17:08:13', '2017-07-21 17:08:13'),
(441, 6, 1, 5, 'no', '2017-07-21 17:08:16', '2017-07-21 17:08:16'),
(442, 6, 1, 5, 'no', '2017-07-21 17:08:20', '2017-07-21 17:08:20'),
(443, 6, 1, 5, 'no', '2017-07-21 17:08:29', '2017-07-21 17:08:29'),
(444, 6, 1, 5, 'no', '2017-07-21 17:08:39', '2017-07-21 17:08:39'),
(445, 6, 1, 5, 'no', '2017-07-21 17:08:45', '2017-07-21 17:08:45'),
(446, 6, 1, 4, 'yes', '2017-07-21 17:09:45', '2017-07-21 17:09:45'),
(447, 6, 1, 4, 'yes', '2017-07-21 17:09:49', '2017-07-21 17:09:49'),
(448, 6, 1, 5, 'no', '2017-07-21 17:10:05', '2017-07-21 17:10:05'),
(449, 6, 1, 5, 'no', '2017-07-21 17:10:15', '2017-07-21 17:10:15'),
(450, 6, 1, 4, 'yes', '2017-07-21 17:10:28', '2017-07-21 17:10:28'),
(451, 6, 4, 3, 'yes', '2017-07-21 17:10:28', '2017-07-21 17:10:28'),
(452, 6, 1, 2, 'start', '2017-07-21 17:12:45', '2017-07-21 17:12:45'),
(453, 6, 1, 5, 'no', '2017-07-21 17:12:47', '2017-07-21 17:12:47'),
(454, 6, 1, 5, 'no', '2017-07-21 17:12:49', '2017-07-21 17:12:49'),
(455, 6, 1, 4, 'yes', '2017-07-21 17:12:59', '2017-07-21 17:12:59'),
(456, 6, 3, 3, 'yes', '2017-07-21 17:12:59', '2017-07-21 17:12:59'),
(457, 6, 1, 6, 'Like', '2017-07-21 17:13:55', '2017-07-21 17:13:55'),
(458, 6, 1, 3, 'end', '2017-07-21 17:28:09', '2017-07-21 17:28:09'),
(459, 6, 1, 2, 'start', '2017-07-21 17:28:12', '2017-07-21 17:28:12'),
(460, 6, 1, 5, 'no', '2017-07-21 17:28:28', '2017-07-21 17:28:28'),
(461, 6, 1, 5, 'no', '2017-07-21 17:28:31', '2017-07-21 17:28:31'),
(462, 6, 1, 5, 'no', '2017-07-21 17:28:34', '2017-07-21 17:28:34'),
(463, 6, 1, 5, 'no', '2017-07-21 17:29:10', '2017-07-21 17:29:10'),
(464, 6, 1, 4, 'yes', '2017-07-21 17:29:52', '2017-07-21 17:29:52'),
(465, 6, 1, 5, 'no', '2017-07-21 17:29:58', '2017-07-21 17:29:58'),
(466, 6, 1, 4, 'yes', '2017-07-21 17:30:09', '2017-07-21 17:30:09'),
(467, 6, 3, 3, 'yes', '2017-07-21 17:30:09', '2017-07-21 17:30:09'),
(468, 6, 1, 6, 'Like', '2017-07-21 17:32:36', '2017-07-21 17:32:36'),
(469, 6, 1, 2, 'start', '2017-07-21 17:33:15', '2017-07-21 17:33:15'),
(470, 6, 1, 5, 'no', '2017-07-21 17:33:17', '2017-07-21 17:33:17'),
(471, 6, 1, 5, 'no', '2017-07-21 17:33:21', '2017-07-21 17:33:21'),
(472, 6, 1, 5, 'no', '2017-07-21 17:33:32', '2017-07-21 17:33:32'),
(473, 6, 1, 5, 'no', '2017-07-21 17:33:55', '2017-07-21 17:33:55'),
(474, 6, 1, 5, 'no', '2017-07-21 17:34:00', '2017-07-21 17:34:00'),
(475, 6, 1, 4, 'yes', '2017-07-21 17:34:04', '2017-07-21 17:34:04'),
(476, 6, 3, 3, 'yes', '2017-07-21 17:34:04', '2017-07-21 17:34:04'),
(477, 6, 1, 7, 'Dislike', '2017-07-21 17:38:04', '2017-07-21 17:38:04'),
(478, 6, 1, 3, 'end', '2017-07-21 17:43:06', '2017-07-21 17:43:06'),
(479, 6, 1, 2, 'start', '2017-07-21 17:43:16', '2017-07-21 17:43:16'),
(480, 6, 1, 4, 'yes', '2017-07-21 17:43:28', '2017-07-21 17:43:28'),
(481, 6, 1, 4, 'yes', '2017-07-21 17:43:33', '2017-07-21 17:43:33'),
(482, 6, 1, 4, 'yes', '2017-07-21 17:43:37', '2017-07-21 17:43:37'),
(483, 6, 1, 4, 'yes', '2017-07-21 17:43:46', '2017-07-21 17:43:46'),
(484, 6, 1, 4, 'yes', '2017-07-21 17:43:49', '2017-07-21 17:43:49'),
(485, 6, 1, 4, 'yes', '2017-07-21 17:43:52', '2017-07-21 17:43:52'),
(486, 6, 1, 5, 'no', '2017-07-21 17:43:56', '2017-07-21 17:43:56'),
(487, 6, 1, 5, 'no', '2017-07-21 17:43:59', '2017-07-21 17:43:59'),
(488, 6, 1, 5, 'no', '2017-07-21 17:44:03', '2017-07-21 17:44:03'),
(489, 6, 1, 4, 'yes', '2017-07-21 17:44:06', '2017-07-21 17:44:06'),
(490, 6, 4, 3, 'yes', '2017-07-21 17:44:06', '2017-07-21 17:44:06'),
(491, 6, 1, 2, 'start', '2017-07-21 17:48:34', '2017-07-21 17:48:34'),
(492, 6, 1, 5, 'no', '2017-07-21 17:48:37', '2017-07-21 17:48:37'),
(493, 6, 1, 5, 'no', '2017-07-21 17:48:41', '2017-07-21 17:48:41'),
(494, 1, 1, 2, 'start', '2017-07-21 17:48:58', '2017-07-21 17:48:58'),
(495, 1, 1, 5, 'no', '2017-07-21 17:49:01', '2017-07-21 17:49:01'),
(496, 1, 1, 5, 'no', '2017-07-21 17:49:03', '2017-07-21 17:49:03'),
(497, 1, 4, 3, 'no', '2017-07-21 17:49:03', '2017-07-21 17:49:03'),
(498, 1, 1, 2, 'start', '2017-07-21 17:49:09', '2017-07-21 17:49:09'),
(499, 1, 1, 5, 'no', '2017-07-21 17:49:11', '2017-07-21 17:49:11'),
(500, 1, 1, 5, 'no', '2017-07-21 17:49:13', '2017-07-21 17:49:13'),
(501, 1, 4, 3, 'no', '2017-07-21 17:49:13', '2017-07-21 17:49:13'),
(502, 1, 1, 2, 'start', '2017-07-21 17:50:24', '2017-07-21 17:50:24'),
(503, 1, 1, 4, 'yes', '2017-07-21 17:51:01', '2017-07-21 17:51:01'),
(504, 1, 3, 3, 'yes', '2017-07-21 17:51:01', '2017-07-21 17:51:01'),
(505, 1, 1, 7, 'Dislike', '2017-07-21 17:52:00', '2017-07-21 17:52:00'),
(506, 1, 1, 2, 'start', '2017-07-21 17:53:28', '2017-07-21 17:53:28'),
(507, 1, 1, 4, 'yes', '2017-07-21 17:53:37', '2017-07-21 17:53:37'),
(508, 1, 3, 3, 'yes', '2017-07-21 17:53:37', '2017-07-21 17:53:37'),
(509, 1, 1, 3, 'end', '2017-07-21 17:55:19', '2017-07-21 17:55:19'),
(510, 1, 1, 2, 'start', '2017-07-21 17:55:21', '2017-07-21 17:55:21'),
(511, 1, 1, 4, 'yes', '2017-07-21 17:55:29', '2017-07-21 17:55:29'),
(512, 1, 3, 3, 'yes', '2017-07-21 17:55:29', '2017-07-21 17:55:29'),
(513, 1, 1, 6, 'Like', '2017-07-21 17:55:37', '2017-07-21 17:55:37'),
(514, 1, 1, 2, 'start', '2017-07-21 20:33:33', '2017-07-21 20:33:33'),
(515, 1, 1, 3, 'end', '2017-07-21 20:33:37', '2017-07-21 20:33:37'),
(516, 1, 1, 2, 'start', '2017-07-21 20:33:50', '2017-07-21 20:33:50'),
(517, 1, 1, 3, 'end', '2017-07-21 20:35:02', '2017-07-21 20:35:02'),
(518, 1, 1, 2, 'start', '2017-07-21 20:35:09', '2017-07-21 20:35:09'),
(519, 1, 1, 5, 'no', '2017-07-21 20:35:59', '2017-07-21 20:35:59'),
(520, 1, 1, 5, 'no', '2017-07-21 20:38:25', '2017-07-21 20:38:25'),
(521, 1, 1, 5, 'no', '2017-07-21 20:39:24', '2017-07-21 20:39:24'),
(522, 1, 1, 5, 'no', '2017-07-21 20:39:46', '2017-07-21 20:39:46'),
(523, 1, 1, 5, 'no', '2017-07-21 20:40:06', '2017-07-21 20:40:06'),
(524, 1, 1, 5, 'no', '2017-07-21 20:40:21', '2017-07-21 20:40:21'),
(525, 1, 1, 4, 'yes', '2017-07-21 20:40:33', '2017-07-21 20:40:33'),
(526, 1, 1, 4, 'yes', '2017-07-21 20:40:44', '2017-07-21 20:40:44'),
(527, 1, 1, 5, 'no', '2017-07-21 20:40:58', '2017-07-21 20:40:58'),
(528, 1, 1, 5, 'no', '2017-07-21 20:41:15', '2017-07-21 20:41:15'),
(529, 1, 4, 3, 'no', '2017-07-21 20:41:15', '2017-07-21 20:41:15'),
(530, 1, 1, 2, 'start', '2017-07-21 20:43:39', '2017-07-21 20:43:39'),
(531, 1, 1, 5, 'no', '2017-07-21 20:43:46', '2017-07-21 20:43:46'),
(532, 1, 1, 5, 'no', '2017-07-21 20:43:50', '2017-07-21 20:43:50'),
(533, 1, 1, 4, 'yes', '2017-07-21 20:44:12', '2017-07-21 20:44:12'),
(534, 1, 3, 3, 'yes', '2017-07-21 20:44:12', '2017-07-21 20:44:12'),
(535, 1, 1, 2, 'start', '2017-07-21 20:46:45', '2017-07-21 20:46:45'),
(536, 1, 1, 5, 'no', '2017-07-21 20:46:47', '2017-07-21 20:46:47'),
(537, 1, 1, 5, 'no', '2017-07-21 20:46:49', '2017-07-21 20:46:49'),
(538, 1, 1, 5, 'no', '2017-07-21 20:48:52', '2017-07-21 20:48:52'),
(539, 1, 1, 4, 'yes', '2017-07-21 20:49:20', '2017-07-21 20:49:20'),
(540, 1, 3, 3, 'yes', '2017-07-21 20:49:20', '2017-07-21 20:49:20'),
(541, 1, 1, 6, 'Like', '2017-07-21 20:54:08', '2017-07-21 20:54:08'),
(542, 1, 1, 2, 'start', '2017-07-21 20:54:16', '2017-07-21 20:54:16'),
(543, 1, 1, 5, 'no', '2017-07-21 20:54:19', '2017-07-21 20:54:19'),
(544, 1, 1, 5, 'no', '2017-07-21 20:54:20', '2017-07-21 20:54:20'),
(545, 1, 1, 5, 'no', '2017-07-21 20:54:42', '2017-07-21 20:54:42'),
(546, 1, 1, 4, 'yes', '2017-07-21 20:55:15', '2017-07-21 20:55:15'),
(547, 1, 3, 3, 'yes', '2017-07-21 20:55:15', '2017-07-21 20:55:15'),
(548, 1, 1, 6, 'Like', '2017-07-21 20:56:56', '2017-07-21 20:56:56'),
(549, 1, 1, 2, 'start', '2017-07-21 20:57:54', '2017-07-21 20:57:54'),
(550, 1, 1, 5, 'no', '2017-07-21 20:57:57', '2017-07-21 20:57:57'),
(551, 1, 1, 5, 'no', '2017-07-21 20:57:59', '2017-07-21 20:57:59'),
(552, 1, 1, 5, 'no', '2017-07-21 20:58:55', '2017-07-21 20:58:55'),
(553, 1, 1, 4, 'yes', '2017-07-21 20:59:12', '2017-07-21 20:59:12'),
(554, 1, 1, 5, 'no', '2017-07-21 21:00:31', '2017-07-21 21:00:31'),
(555, 1, 1, 5, 'no', '2017-07-21 21:01:37', '2017-07-21 21:01:37'),
(556, 1, 1, 5, 'no', '2017-07-21 21:02:18', '2017-07-21 21:02:18'),
(557, 1, 1, 4, 'yes', '2017-07-21 21:02:31', '2017-07-21 21:02:31'),
(558, 1, 1, 4, 'yes', '2017-07-21 21:03:14', '2017-07-21 21:03:14'),
(559, 1, 1, 5, 'no', '2017-07-21 21:03:38', '2017-07-21 21:03:38'),
(560, 1, 4, 3, 'no', '2017-07-21 21:03:38', '2017-07-21 21:03:38'),
(561, 1, 1, 3, 'end', '2017-07-21 21:04:39', '2017-07-21 21:04:39'),
(562, 1, 1, 2, 'start', '2017-07-21 21:04:41', '2017-07-21 21:04:41'),
(563, 1, 1, 5, 'no', '2017-07-21 21:04:44', '2017-07-21 21:04:44'),
(564, 1, 1, 5, 'no', '2017-07-21 21:04:46', '2017-07-21 21:04:46'),
(565, 1, 1, 5, 'no', '2017-07-21 21:05:13', '2017-07-21 21:05:13'),
(566, 1, 1, 5, 'no', '2017-07-21 21:05:42', '2017-07-21 21:05:42'),
(567, 1, 1, 5, 'no', '2017-07-21 21:05:56', '2017-07-21 21:05:56'),
(568, 1, 1, 4, 'yes', '2017-07-21 21:06:09', '2017-07-21 21:06:09'),
(569, 1, 3, 3, 'yes', '2017-07-21 21:06:09', '2017-07-21 21:06:09'),
(570, 1, 1, 3, 'end', '2017-07-21 21:11:37', '2017-07-21 21:11:37'),
(571, 1, 1, 2, 'start', '2017-07-21 21:12:28', '2017-07-21 21:12:28'),
(572, 1, 1, 5, 'no', '2017-07-21 21:12:56', '2017-07-21 21:12:56'),
(573, 1, 1, 5, 'no', '2017-07-21 21:13:11', '2017-07-21 21:13:11'),
(574, 1, 1, 5, 'no', '2017-07-21 21:13:34', '2017-07-21 21:13:34'),
(575, 1, 1, 5, 'no', '2017-07-21 21:13:47', '2017-07-21 21:13:47'),
(576, 1, 1, 5, 'no', '2017-07-21 21:14:44', '2017-07-21 21:14:44'),
(577, 1, 1, 5, 'no', '2017-07-21 21:15:00', '2017-07-21 21:15:00'),
(578, 1, 1, 4, 'yes', '2017-07-21 21:15:15', '2017-07-21 21:15:15'),
(579, 1, 1, 4, 'yes', '2017-07-21 21:15:52', '2017-07-21 21:15:52'),
(580, 1, 1, 5, 'no', '2017-07-21 21:16:20', '2017-07-21 21:16:20'),
(581, 1, 1, 5, 'no', '2017-07-21 21:20:55', '2017-07-21 21:20:55'),
(582, 1, 4, 3, 'no', '2017-07-21 21:20:56', '2017-07-21 21:20:56'),
(583, 1, 1, 2, 'start', '2017-07-21 21:21:54', '2017-07-21 21:21:54'),
(584, 1, 1, 5, 'no', '2017-07-21 21:22:00', '2017-07-21 21:22:00'),
(585, 1, 1, 5, 'no', '2017-07-21 21:22:02', '2017-07-21 21:22:02'),
(586, 1, 1, 4, 'yes', '2017-07-21 21:22:20', '2017-07-21 21:22:20'),
(587, 1, 1, 5, 'no', '2017-07-21 21:22:35', '2017-07-21 21:22:35'),
(588, 1, 1, 4, 'yes', '2017-07-21 21:23:01', '2017-07-21 21:23:01'),
(589, 1, 1, 5, 'no', '2017-07-21 21:23:06', '2017-07-21 21:23:06'),
(590, 1, 1, 4, 'yes', '2017-07-21 21:24:11', '2017-07-21 21:24:11'),
(591, 1, 1, 4, 'yes', '2017-07-21 21:24:49', '2017-07-21 21:24:49'),
(592, 1, 4, 3, 'yes', '2017-07-21 21:24:50', '2017-07-21 21:24:50'),
(593, 1, 1, 2, 'start', '2017-07-21 21:26:21', '2017-07-21 21:26:21'),
(594, 1, 1, 5, 'no', '2017-07-21 21:26:24', '2017-07-21 21:26:24'),
(595, 1, 1, 5, 'no', '2017-07-21 21:26:26', '2017-07-21 21:26:26'),
(596, 1, 1, 4, 'yes', '2017-07-21 21:26:43', '2017-07-21 21:26:43'),
(597, 1, 1, 5, 'no', '2017-07-21 21:27:09', '2017-07-21 21:27:09'),
(598, 1, 1, 4, 'yes', '2017-07-21 21:27:21', '2017-07-21 21:27:21'),
(599, 1, 1, 5, 'no', '2017-07-21 21:27:34', '2017-07-21 21:27:34'),
(600, 1, 4, 3, 'no', '2017-07-21 21:27:34', '2017-07-21 21:27:34'),
(601, 1, 1, 2, 'start', '2017-07-21 21:28:32', '2017-07-21 21:28:32'),
(602, 1, 1, 5, 'no', '2017-07-21 21:28:36', '2017-07-21 21:28:36'),
(603, 1, 1, 5, 'no', '2017-07-21 21:28:37', '2017-07-21 21:28:37'),
(604, 1, 1, 5, 'no', '2017-07-21 21:29:34', '2017-07-21 21:29:34'),
(605, 1, 1, 5, 'no', '2017-07-21 21:29:54', '2017-07-21 21:29:54'),
(606, 1, 1, 4, 'yes', '2017-07-21 21:30:14', '2017-07-21 21:30:14'),
(607, 1, 4, 3, 'yes', '2017-07-21 21:30:14', '2017-07-21 21:30:14'),
(608, 1, 1, 2, 'start', '2017-07-21 21:31:08', '2017-07-21 21:31:08'),
(609, 1, 1, 5, 'no', '2017-07-21 21:31:10', '2017-07-21 21:31:10'),
(610, 1, 1, 4, 'yes', '2017-07-21 21:31:15', '2017-07-21 21:31:15'),
(611, 1, 1, 5, 'no', '2017-07-21 21:31:57', '2017-07-21 21:31:57'),
(612, 1, 1, 4, 'yes', '2017-07-21 21:33:07', '2017-07-21 21:33:07'),
(613, 1, 1, 5, 'no', '2017-07-21 21:33:31', '2017-07-21 21:33:31'),
(614, 1, 4, 3, 'no', '2017-07-21 21:33:31', '2017-07-21 21:33:31'),
(615, 1, 1, 2, 'start', '2017-07-21 21:35:38', '2017-07-21 21:35:38'),
(616, 1, 1, 4, 'yes', '2017-07-21 21:35:44', '2017-07-21 21:35:44'),
(617, 1, 1, 5, 'no', '2017-07-21 21:35:47', '2017-07-21 21:35:47'),
(618, 1, 1, 4, 'yes', '2017-07-21 21:36:17', '2017-07-21 21:36:17'),
(619, 1, 1, 4, 'yes', '2017-07-21 21:36:36', '2017-07-21 21:36:36'),
(620, 1, 4, 3, 'yes', '2017-07-21 21:36:36', '2017-07-21 21:36:36'),
(621, 1, 1, 2, 'start', '2017-07-21 21:37:54', '2017-07-21 21:37:54'),
(622, 1, 1, 4, 'yes', '2017-07-21 21:37:59', '2017-07-21 21:37:59'),
(623, 1, 3, 3, 'yes', '2017-07-21 21:37:59', '2017-07-21 21:37:59'),
(624, 1, 1, 2, 'start', '2017-07-21 21:43:18', '2017-07-21 21:43:18'),
(625, 1, 1, 4, 'yes', '2017-07-21 21:44:04', '2017-07-21 21:44:04'),
(626, 1, 1, 5, 'no', '2017-07-21 21:44:07', '2017-07-21 21:44:07'),
(627, 1, 4, 3, 'no', '2017-07-21 21:44:07', '2017-07-21 21:44:07'),
(628, 1, 1, 2, 'start', '2017-07-21 21:44:14', '2017-07-21 21:44:14'),
(629, 1, 1, 5, 'no', '2017-07-21 21:44:17', '2017-07-21 21:44:17'),
(630, 1, 1, 2, 'start', '2017-07-21 21:44:25', '2017-07-21 21:44:25'),
(631, 1, 1, 5, 'no', '2017-07-21 21:44:34', '2017-07-21 21:44:34'),
(632, 1, 4, 3, 'no', '2017-07-21 21:44:34', '2017-07-21 21:44:34'),
(633, 1, 1, 2, 'start', '2017-07-21 21:44:39', '2017-07-21 21:44:39'),
(634, 1, 1, 5, 'no', '2017-07-21 21:44:43', '2017-07-21 21:44:43'),
(635, 1, 1, 5, 'no', '2017-07-21 21:45:08', '2017-07-21 21:45:08'),
(636, 1, 4, 3, 'no', '2017-07-21 21:45:08', '2017-07-21 21:45:08'),
(637, 1, 1, 2, 'start', '2017-07-21 21:45:18', '2017-07-21 21:45:18'),
(638, 1, 1, 5, 'no', '2017-07-21 21:45:22', '2017-07-21 21:45:22'),
(639, 1, 1, 5, 'no', '2017-07-21 21:45:23', '2017-07-21 21:45:23'),
(640, 1, 4, 3, 'no', '2017-07-21 21:45:23', '2017-07-21 21:45:23'),
(641, 1, 1, 2, 'start', '2017-07-21 21:45:27', '2017-07-21 21:45:27'),
(642, 1, 1, 5, 'no', '2017-07-21 21:45:30', '2017-07-21 21:45:30'),
(643, 1, 1, 5, 'no', '2017-07-21 21:45:31', '2017-07-21 21:45:31'),
(644, 1, 4, 3, 'no', '2017-07-21 21:45:31', '2017-07-21 21:45:31'),
(645, 1, 1, 2, 'start', '2017-07-21 21:51:33', '2017-07-21 21:51:33'),
(646, 1, 1, 4, 'yes', '2017-07-21 21:51:52', '2017-07-21 21:51:52'),
(647, 1, 3, 3, 'yes', '2017-07-21 21:51:52', '2017-07-21 21:51:52'),
(648, 1, 1, 6, 'Like', '2017-07-21 21:54:47', '2017-07-21 21:54:47'),
(649, 1, 1, 2, 'start', '2017-07-21 21:55:17', '2017-07-21 21:55:17'),
(650, 1, 1, 4, 'yes', '2017-07-21 21:55:20', '2017-07-21 21:55:20'),
(651, 1, 3, 3, 'yes', '2017-07-21 21:55:21', '2017-07-21 21:55:21'),
(652, 1, 1, 2, 'start', '2017-07-21 21:56:12', '2017-07-21 21:56:12'),
(653, 1, 1, 4, 'yes', '2017-07-21 21:56:35', '2017-07-21 21:56:35'),
(654, 1, 3, 3, 'yes', '2017-07-21 21:56:35', '2017-07-21 21:56:35'),
(655, 1, 1, 2, 'start', '2017-07-21 21:57:28', '2017-07-21 21:57:28'),
(656, 1, 1, 4, 'yes', '2017-07-21 21:58:04', '2017-07-21 21:58:04'),
(657, 1, 1, 5, 'no', '2017-07-21 21:58:34', '2017-07-21 21:58:34'),
(658, 1, 1, 4, 'yes', '2017-07-21 21:59:17', '2017-07-21 21:59:17'),
(659, 1, 1, 4, 'yes', '2017-07-21 21:59:35', '2017-07-21 21:59:35'),
(660, 1, 1, 4, 'yes', '2017-07-21 21:59:55', '2017-07-21 21:59:55'),
(661, 1, 1, 4, 'yes', '2017-07-21 22:00:15', '2017-07-21 22:00:15'),
(662, 1, 1, 5, 'no', '2017-07-21 22:00:28', '2017-07-21 22:00:28'),
(663, 1, 1, 4, 'yes', '2017-07-21 22:00:43', '2017-07-21 22:00:43'),
(664, 1, 1, 5, 'no', '2017-07-21 22:00:56', '2017-07-21 22:00:56'),
(665, 1, 4, 3, 'no', '2017-07-21 22:00:56', '2017-07-21 22:00:56'),
(666, 1, 1, 2, 'start', '2017-07-21 22:01:52', '2017-07-21 22:01:52'),
(667, 1, 1, 4, 'yes', '2017-07-21 22:01:56', '2017-07-21 22:01:56'),
(668, 1, 1, 5, 'no', '2017-07-21 22:02:07', '2017-07-21 22:02:07'),
(669, 1, 1, 4, 'yes', '2017-07-21 22:05:11', '2017-07-21 22:05:11'),
(670, 1, 1, 5, 'no', '2017-07-21 22:11:48', '2017-07-21 22:11:48'),
(671, 1, 4, 3, 'no', '2017-07-21 22:11:48', '2017-07-21 22:11:48'),
(672, 1, 1, 2, 'start', '2017-07-21 22:12:49', '2017-07-21 22:12:49'),
(673, 1, 1, 4, 'yes', '2017-07-21 22:12:51', '2017-07-21 22:12:51'),
(674, 1, 1, 4, 'yes', '2017-07-21 22:13:22', '2017-07-21 22:13:22'),
(675, 1, 1, 4, 'yes', '2017-07-21 22:13:47', '2017-07-21 22:13:47'),
(676, 1, 4, 3, 'yes', '2017-07-21 22:13:47', '2017-07-21 22:13:47'),
(677, 1, 1, 2, 'start', '2017-07-21 22:14:08', '2017-07-21 22:14:08'),
(678, 1, 1, 4, 'yes', '2017-07-21 22:14:11', '2017-07-21 22:14:11'),
(679, 1, 1, 4, 'yes', '2017-07-21 22:14:18', '2017-07-21 22:14:18'),
(680, 1, 4, 3, 'yes', '2017-07-21 22:14:18', '2017-07-21 22:14:18'),
(681, 1, 1, 2, 'start', '2017-07-21 22:14:27', '2017-07-21 22:14:27'),
(682, 1, 1, 4, 'yes', '2017-07-21 22:14:29', '2017-07-21 22:14:29'),
(683, 1, 1, 2, 'start', '2017-07-21 22:14:39', '2017-07-21 22:14:39'),
(684, 1, 1, 4, 'yes', '2017-07-21 22:14:41', '2017-07-21 22:14:41'),
(685, 1, 4, 3, 'yes', '2017-07-21 22:14:41', '2017-07-21 22:14:41'),
(686, 1, 1, 2, 'start', '2017-07-21 22:14:49', '2017-07-21 22:14:49'),
(687, 1, 1, 4, 'yes', '2017-07-21 22:14:51', '2017-07-21 22:14:51'),
(688, 1, 3, 3, 'yes', '2017-07-21 22:14:51', '2017-07-21 22:14:51'),
(689, 5, 1, 1, 'Hello', '2017-08-02 13:00:45', '2017-08-02 13:00:45'),
(690, 5, 1, 2, 'start ', '2017-08-02 13:00:52', '2017-08-02 13:00:52'),
(691, 5, 1, 5, 'no', '2017-08-02 13:00:58', '2017-08-02 13:00:58'),
(692, 5, 1, 4, 'yes', '2017-08-02 13:01:03', '2017-08-02 13:01:03'),
(693, 5, 1, 4, 'yes', '2017-08-02 13:01:06', '2017-08-02 13:01:06'),
(694, 5, 3, 3, 'yes', '2017-08-02 13:01:06', '2017-08-02 13:01:06'),
(695, 5, 1, 6, 'Like', '2017-08-02 13:01:12', '2017-08-02 13:01:12'),
(696, 5, 1, 1, 'Hello', '2017-08-02 13:10:03', '2017-08-02 13:10:03'),
(697, 5, 1, 2, 'start', '2017-08-02 13:10:13', '2017-08-02 13:10:13'),
(698, 5, 1, 5, 'no', '2017-08-02 13:10:16', '2017-08-02 13:10:16'),
(699, 5, 1, 4, 'yes', '2017-08-02 13:10:21', '2017-08-02 13:10:21'),
(700, 5, 3, 3, 'yes', '2017-08-02 13:10:21', '2017-08-02 13:10:21'),
(701, 5, 1, 6, 'Like', '2017-08-02 13:10:36', '2017-08-02 13:10:36');

-- --------------------------------------------------------

--
-- Table structure for table `message`
--

CREATE TABLE `message` (
  `id` int(10) UNSIGNED NOT NULL,
  `text` varchar(300) DEFAULT NULL,
  `bot` varchar(300) DEFAULT NULL,
  `createdAt` datetime DEFAULT NULL,
  `updatedAt` datetime DEFAULT NULL
) ENGINE=InnoDB DEFAULT CHARSET=utf8;

-- --------------------------------------------------------

--
-- Table structure for table `person`
--

CREATE TABLE `person` (
  `id` int(10) UNSIGNED NOT NULL,
  `createdAt` datetime DEFAULT NULL,
  `updatedAt` datetime DEFAULT NULL
) ENGINE=InnoDB DEFAULT CHARSET=utf8;

-- --------------------------------------------------------

--
-- Table structure for table `preference_mock`
--

CREATE TABLE `preference_mock` (
  `id` int(10) UNSIGNED NOT NULL,
  `spot_name` varchar(100) DEFAULT NULL,
  `temple` int(11) DEFAULT NULL,
  `natural` int(11) DEFAULT NULL,
  `history` int(11) DEFAULT NULL,
  `lake` int(11) DEFAULT NULL,
  `castle` int(11) DEFAULT NULL,
  `museum` int(11) DEFAULT NULL,
  `market` int(11) DEFAULT NULL,
  `mountain` int(11) DEFAULT NULL,
  `train` int(11) DEFAULT NULL,
  `seichi` int(11) DEFAULT NULL,
  `createdAt` datetime DEFAULT NULL,
  `updatedAt` datetime DEFAULT NULL
) ENGINE=InnoDB DEFAULT CHARSET=utf8;

--
-- Dumping data for table `preference_mock`
--

INSERT INTO `preference_mock` (`id`, `spot_name`, `temple`, `natural`, `history`, `lake`, `castle`, `museum`, `market`, `mountain`, `train`, `seichi`, `createdAt`, `updatedAt`) VALUES
(1, 'Biwako Lake', 0, 0, 0, 0, 0, 0, 1, 1, 1, 0, NULL, NULL),
(2, 'Otsu City Science Museum', 1, 0, 0, 0, 0, 0, 1, 0, 0, 1, NULL, NULL),
(3, 'Ishiyama Temple', 1, 0, 1, 1, 0, 1, 1, 1, 0, 0, NULL, NULL),
(4, 'Bangunharja', 1, 0, 1, 1, 0, 1, 1, 1, 1, 1, NULL, NULL),
(5, 'Kalasin', 0, 1, 0, 1, 0, 1, 1, 1, 1, 1, NULL, NULL),
(6, 'Zhangdan', 1, 0, 0, 1, 0, 0, 1, 1, 0, 0, NULL, NULL),
(7, 'Annecy', 1, 1, 1, 1, 1, 0, 0, 1, 0, 1, NULL, NULL),
(8, 'Baiqi', 1, 0, 0, 0, 1, 0, 1, 0, 1, 1, NULL, NULL),
(9, 'Nyanga', 0, 1, 1, 0, 0, 1, 0, 1, 0, 0, NULL, NULL),
(10, 'Chengbei', 0, 1, 1, 1, 0, 0, 0, 0, 1, 1, NULL, NULL),
(11, 'Telsen', 0, 1, 0, 1, 1, 0, 0, 1, 0, 1, NULL, NULL),
(12, 'Gaoqiao', 1, 0, 1, 1, 0, 0, 1, 1, 1, 0, NULL, NULL),
(13, 'Onueke', 1, 0, 1, 0, 0, 0, 0, 0, 1, 0, NULL, NULL),
(14, 'Paruro', 0, 1, 1, 0, 1, 1, 0, 1, 1, 1, NULL, NULL),
(15, 'Zeqin', 1, 1, 0, 0, 1, 1, 0, 1, 0, 0, NULL, NULL),
(16, 'Cantilan', 0, 1, 0, 1, 1, 1, 1, 0, 1, 0, NULL, NULL),
(17, 'Jaboato dos Guararapes', 1, 0, 0, 0, 1, 1, 1, 1, 1, 0, NULL, NULL),
(18, 'Reims', 1, 0, 1, 0, 0, 0, 1, 1, 1, 0, NULL, NULL),
(19, 'Sikka', 1, 0, 1, 1, 1, 1, 0, 0, 1, 0, NULL, NULL),
(20, 'Heshi', 1, 1, 0, 1, 0, 0, 1, 1, 1, 1, NULL, NULL),
(21, 'Kertapura', 1, 1, 1, 0, 0, 0, 0, 0, 1, 0, NULL, NULL),
(22, 'Gaozhai', 0, 0, 0, 1, 1, 1, 1, 0, 0, 1, NULL, NULL),
(23, 'Landzuri', 1, 0, 1, 0, 1, 1, 0, 0, 0, 1, NULL, NULL),
(24, 'Tomaszw Lubelski', 1, 1, 0, 1, 0, 1, 1, 1, 0, 0, NULL, NULL),
(25, 'Onomichi', 1, 1, 0, 0, 1, 0, 0, 1, 1, 0, NULL, NULL),
(26, 'Torrevieja', 1, 0, 0, 0, 0, 0, 1, 0, 1, 0, NULL, NULL),
(27, 'Al Khrijah', 0, 1, 0, 0, 1, 0, 0, 1, 1, 1, NULL, NULL),
(28, 'Sungailiat', 1, 0, 1, 0, 0, 0, 0, 1, 0, 1, NULL, NULL),
(29, 'Pacasmayo', 1, 1, 0, 1, 1, 1, 0, 1, 0, 0, NULL, NULL),
(30, 'Viitasaari', 1, 1, 0, 1, 0, 0, 0, 1, 1, 1, NULL, NULL),
(31, 'Jandaia do Sul', 0, 1, 1, 1, 1, 0, 1, 0, 1, 1, NULL, NULL),
(32, 'Aheloy', 0, 1, 1, 0, 0, 1, 0, 0, 0, 0, NULL, NULL),
(33, 'Coronda', 1, 0, 0, 1, 0, 1, 1, 0, 1, 1, NULL, NULL),
(34, 'Prince Edward', 1, 0, 0, 0, 1, 1, 1, 0, 0, 1, NULL, NULL),
(35, 'Banjar Sebual', 0, 0, 0, 1, 1, 0, 1, 1, 1, 0, NULL, NULL),
(36, 'San Andrs', 1, 1, 0, 0, 0, 1, 1, 1, 0, 1, NULL, NULL),
(37, 'Shangrao', 1, 1, 0, 0, 0, 0, 1, 0, 0, 0, NULL, NULL),
(38, 'Burla', 1, 1, 1, 1, 0, 0, 1, 0, 1, 1, NULL, NULL),
(39, 'Mut Khn', 1, 0, 1, 1, 1, 1, 0, 0, 0, 0, NULL, NULL),
(40, 'Baiquan', 1, 1, 0, 1, 1, 1, 0, 0, 0, 0, NULL, NULL),
(41, 'Yangba', 1, 0, 0, 0, 0, 0, 1, 0, 1, 0, NULL, NULL),
(42, 'Boise', 1, 0, 1, 0, 1, 0, 1, 0, 1, 0, NULL, NULL),
(43, 'Salinpolis', 0, 1, 1, 0, 1, 1, 0, 1, 0, 0, NULL, NULL),
(44, 'Kinnegad', 1, 1, 0, 1, 1, 1, 0, 0, 1, 1, NULL, NULL),
(45, 'El Banco', 1, 0, 0, 1, 1, 0, 1, 1, 1, 0, NULL, NULL),
(46, 'Zoumaling', 1, 0, 0, 0, 1, 0, 1, 0, 0, 0, NULL, NULL),
(47, 'Bungbulang', 0, 1, 0, 0, 1, 1, 0, 1, 0, 0, NULL, NULL),
(48, 'Balungao', 0, 1, 0, 0, 0, 1, 1, 0, 1, 0, NULL, NULL),
(49, 'Alor Setar', 1, 1, 0, 1, 1, 0, 0, 1, 1, 1, NULL, NULL),
(50, 'Saij', 1, 0, 1, 1, 0, 0, 0, 1, 1, 1, NULL, NULL),
(51, 'Ibara', 0, 1, 1, 1, 0, 1, 1, 0, 0, 1, NULL, NULL),
(52, 'Luotaping', 0, 1, 0, 1, 0, 0, 0, 0, 0, 0, NULL, NULL),
(53, 'Huamali', 0, 1, 0, 0, 1, 1, 0, 1, 0, 0, NULL, NULL),
(54, 'Ro Tercero', 1, 0, 1, 1, 0, 0, 1, 1, 1, 0, NULL, NULL),
(55, 'Bouabout', 1, 1, 0, 0, 1, 1, 1, 1, 1, 0, NULL, NULL),
(56, 'Maardu', 0, 1, 1, 0, 1, 0, 0, 1, 1, 0, NULL, NULL),
(57, 'Cerro Punta', 0, 1, 1, 0, 0, 1, 0, 1, 1, 0, NULL, NULL),
(58, 'Sara Kunda', 1, 1, 1, 0, 0, 0, 1, 1, 1, 0, NULL, NULL),
(59, 'Ulaan-Uul', 0, 0, 1, 1, 1, 0, 1, 0, 1, 1, NULL, NULL),
(60, 'Durrs', 0, 1, 1, 0, 0, 1, 1, 0, 0, 1, NULL, NULL),
(61, 'Gunungmenang', 0, 0, 0, 0, 1, 0, 1, 0, 1, 1, NULL, NULL),
(62, 'Louisville', 1, 1, 1, 0, 1, 0, 1, 1, 0, 0, NULL, NULL),
(63, 'Biaogard', 0, 0, 0, 1, 1, 1, 0, 1, 1, 0, NULL, NULL),
(64, 'Villa Hayes', 1, 1, 0, 0, 1, 0, 0, 1, 0, 1, NULL, NULL),
(65, 'Sab', 0, 0, 1, 1, 1, 1, 1, 1, 1, 1, NULL, NULL),
(66, 'La Falda', 1, 0, 0, 1, 1, 1, 1, 1, 0, 0, NULL, NULL),
(67, 'Pont-Rouge', 1, 1, 1, 1, 0, 1, 0, 0, 0, 1, NULL, NULL),
(68, 'Cikawung', 0, 1, 0, 0, 1, 1, 1, 1, 1, 1, NULL, NULL),
(69, 'Kto Nevrokpi', 1, 1, 0, 0, 0, 1, 0, 1, 1, 1, NULL, NULL),
(70, 'La Francia', 1, 1, 0, 1, 1, 1, 1, 1, 1, 1, NULL, NULL),
(71, 'Fushan', 1, 1, 1, 1, 0, 0, 0, 0, 1, 0, NULL, NULL),
(72, 'Luoshanchuan', 0, 1, 0, 1, 0, 1, 0, 1, 0, 0, NULL, NULL),
(73, 'Guandukou', 0, 1, 1, 0, 1, 0, 1, 0, 1, 0, NULL, NULL),
(74, 'Shakhty', 0, 1, 1, 0, 0, 1, 1, 1, 1, 0, NULL, NULL),
(75, 'Paris 19', 1, 1, 0, 0, 0, 1, 0, 1, 0, 0, NULL, NULL),
(76, 'Avallon', 0, 0, 1, 1, 0, 0, 0, 1, 1, 0, NULL, NULL),
(77, 'Sanming', 1, 0, 0, 1, 0, 1, 0, 1, 0, 0, NULL, NULL),
(78, 'Picton', 0, 1, 0, 1, 0, 0, 1, 0, 1, 0, NULL, NULL),
(79, 'Krajan Bejagung', 1, 0, 0, 0, 1, 0, 0, 1, 1, 1, NULL, NULL),
(80, 'Currais Novos', 1, 0, 1, 1, 1, 1, 1, 0, 0, 0, NULL, NULL),
(81, 'Heshan', 0, 0, 0, 0, 1, 0, 0, 0, 0, 0, NULL, NULL),
(82, 'Shuinan', 1, 0, 0, 0, 0, 1, 0, 1, 0, 1, NULL, NULL),
(83, 'Dongdong', 1, 1, 1, 0, 0, 0, 0, 1, 1, 0, NULL, NULL),
(84, 'Khoroshvo-Mnevniki', 1, 1, 0, 0, 0, 0, 1, 1, 1, 0, NULL, NULL),
(85, 'Santa Teresa', 1, 0, 0, 0, 1, 0, 0, 0, 1, 1, NULL, NULL),
(86, 'Manabo', 0, 1, 0, 0, 0, 0, 1, 1, 1, 1, NULL, NULL),
(87, 'Veliki Grevac', 1, 0, 1, 1, 1, 1, 0, 0, 0, 0, NULL, NULL),
(88, 'Vstervik', 0, 1, 0, 0, 0, 0, 0, 0, 1, 0, NULL, NULL),
(89, 'Lunyuk Ode', 1, 0, 0, 0, 1, 1, 1, 0, 0, 0, NULL, NULL),
(90, 'Puer', 1, 1, 0, 0, 0, 0, 1, 0, 0, 1, NULL, NULL),
(91, 'uwayr', 1, 0, 1, 1, 1, 1, 0, 0, 0, 0, NULL, NULL),
(92, 'Tsovazard', 1, 0, 1, 0, 0, 0, 0, 0, 1, 0, NULL, NULL),
(93, 'Sukawaris', 0, 0, 1, 1, 1, 1, 0, 0, 0, 0, NULL, NULL),
(94, 'Kruevo', 1, 0, 1, 1, 1, 1, 1, 0, 0, 0, NULL, NULL),
(95, 'Sampungu', 0, 0, 1, 1, 1, 0, 1, 1, 1, 1, NULL, NULL),
(96, 'Amaraji', 1, 1, 0, 1, 1, 1, 0, 0, 1, 0, NULL, NULL),
(97, 'Lipno', 1, 1, 1, 0, 1, 1, 0, 0, 0, 1, NULL, NULL),
(98, 'Mporokoso', 0, 0, 0, 0, 0, 0, 1, 0, 1, 1, NULL, NULL),
(99, 'Tsaratanana', 1, 0, 1, 1, 1, 0, 0, 0, 0, 1, NULL, NULL),
(100, 'Weichanglu', 1, 0, 1, 1, 1, 1, 0, 0, 1, 0, NULL, NULL),
(101, 'Sangtian', 0, 0, 1, 1, 0, 0, 1, 1, 0, 0, NULL, NULL),
(102, 'Pangkajene', 0, 1, 0, 1, 0, 0, 0, 1, 1, 0, NULL, NULL),
(103, 'Panan', 1, 1, 1, 0, 1, 0, 0, 0, 1, 1, NULL, NULL),
(104, 'Tunasbaru', 0, 0, 0, 0, 0, 0, 0, 0, 1, 0, NULL, NULL),
(105, 'Huangben', 1, 1, 0, 0, 1, 0, 1, 1, 0, 1, NULL, NULL),
(106, 'Patambuco', 1, 0, 0, 0, 1, 0, 1, 0, 1, 0, NULL, NULL),
(107, 'Malanw', 0, 1, 0, 0, 0, 1, 1, 0, 1, 0, NULL, NULL),
(108, 'So Pedro', 1, 1, 1, 0, 0, 1, 1, 1, 0, 0, NULL, NULL),
(109, 'Sidrolndia', 1, 0, 0, 0, 1, 1, 1, 1, 0, 1, NULL, NULL),
(110, 'Shima', 1, 1, 0, 0, 0, 0, 0, 1, 0, 1, NULL, NULL),
(111, 'Pakx', 1, 1, 0, 0, 1, 1, 1, 1, 0, 1, NULL, NULL),
(112, 'Ponggok', 0, 0, 0, 1, 0, 0, 0, 0, 0, 0, NULL, NULL),
(113, 'Semeljci', 1, 0, 1, 0, 1, 0, 0, 1, 1, 0, NULL, NULL),
(114, 'Tumu', 1, 0, 0, 1, 0, 1, 1, 1, 1, 0, NULL, NULL),
(115, 'Tala', 1, 1, 0, 0, 0, 0, 0, 1, 0, 0, NULL, NULL),
(116, 'Zhoutou', 1, 0, 0, 0, 0, 0, 1, 1, 0, 1, NULL, NULL),
(117, 'Wang Sai Phun', 1, 0, 1, 0, 1, 1, 1, 0, 0, 0, NULL, NULL),
(118, 'Yulin', 0, 0, 1, 0, 1, 0, 0, 0, 0, 0, NULL, NULL),
(119, 'Haninge', 1, 1, 1, 0, 0, 0, 0, 1, 0, 0, NULL, NULL),
(120, 'Wonopringgo', 0, 0, 0, 0, 0, 1, 0, 0, 1, 1, NULL, NULL),
(121, 'Zhaolingpu', 0, 1, 1, 0, 1, 1, 0, 1, 0, 1, NULL, NULL),
(122, 'Liyang', 1, 0, 0, 0, 0, 1, 1, 0, 0, 1, NULL, NULL),
(123, 'Opechenskiy Posad', 0, 0, 0, 0, 1, 1, 0, 1, 0, 1, NULL, NULL),
(124, 'Dasiping', 1, 0, 1, 0, 1, 1, 0, 1, 0, 1, NULL, NULL),
(125, 'Gaillac', 1, 1, 1, 1, 1, 1, 1, 1, 1, 1, NULL, NULL),
(126, 'Khoa', 1, 0, 1, 0, 1, 0, 1, 0, 1, 1, NULL, NULL),
(127, 'Lagkads', 0, 0, 0, 1, 1, 1, 1, 1, 0, 0, NULL, NULL),
(128, 'Ibipor', 0, 0, 1, 1, 0, 1, 1, 0, 1, 0, NULL, NULL),
(129, 'Grahamstown', 0, 0, 1, 1, 1, 0, 1, 0, 1, 1, NULL, NULL),
(130, 'Paltamo', 1, 1, 0, 1, 0, 0, 1, 1, 1, 0, NULL, NULL),
(131, 'Vrachnaika', 0, 0, 0, 1, 1, 0, 1, 0, 0, 1, NULL, NULL),
(132, 'Sumbersewu', 0, 0, 1, 1, 0, 1, 1, 1, 1, 1, NULL, NULL),
(133, 'Vom', 0, 0, 1, 0, 1, 1, 1, 1, 1, 0, NULL, NULL),
(134, 'Mardah', 0, 1, 1, 0, 1, 0, 1, 0, 1, 0, NULL, NULL),
(135, 'Qian', 1, 0, 0, 1, 0, 0, 0, 1, 0, 1, NULL, NULL),
(136, 'Guadalupe', 1, 0, 0, 0, 1, 1, 0, 0, 1, 0, NULL, NULL),
(137, 'Aix-en-Provence', 1, 0, 1, 1, 0, 1, 1, 1, 0, 0, NULL, NULL),
(138, 'San Sebastian', 0, 0, 0, 0, 0, 1, 1, 1, 0, 1, NULL, NULL),
(139, 'Gois', 1, 0, 0, 1, 1, 0, 0, 1, 1, 1, NULL, NULL),
(140, 'Harnoli', 0, 1, 0, 1, 0, 0, 1, 0, 1, 1, NULL, NULL),
(141, 'Kedungwringin', 0, 0, 0, 0, 0, 0, 1, 0, 1, 0, NULL, NULL),
(142, 'Cluses', 0, 1, 0, 1, 0, 1, 0, 0, 0, 1, NULL, NULL),
(143, 'Qingzhou', 0, 0, 0, 1, 0, 1, 1, 1, 0, 0, NULL, NULL),
(144, 'Kumba', 0, 0, 1, 1, 0, 0, 0, 1, 1, 0, NULL, NULL),
(145, 'Carbajales', 1, 1, 1, 1, 0, 1, 0, 1, 1, 1, NULL, NULL),
(146, 'Cantao-an', 1, 0, 1, 0, 1, 1, 1, 1, 1, 0, NULL, NULL),
(147, 'Bua Yai', 1, 0, 1, 1, 0, 1, 0, 1, 0, 0, NULL, NULL),
(148, 'Zhapu', 0, 0, 0, 0, 1, 0, 1, 1, 1, 1, NULL, NULL),
(149, 'Azor', 0, 1, 0, 0, 1, 0, 0, 1, 0, 1, NULL, NULL),
(150, 'Hema', 1, 1, 1, 1, 1, 0, 1, 1, 1, 0, NULL, NULL),
(151, 'Gteborg', 0, 1, 1, 1, 1, 1, 1, 0, 1, 0, NULL, NULL),
(152, 'Liding', 0, 1, 1, 0, 1, 0, 1, 1, 0, 0, NULL, NULL),
(153, 'Duas Igrejas', 0, 0, 0, 1, 1, 1, 1, 0, 0, 0, NULL, NULL),
(154, 'Ndofane', 1, 0, 0, 0, 0, 0, 0, 1, 1, 0, NULL, NULL),
(155, 'Parkent', 0, 1, 1, 0, 1, 1, 1, 0, 1, 0, NULL, NULL),
(156, 'Langtang', 0, 1, 1, 0, 0, 0, 0, 0, 1, 0, NULL, NULL),
(157, 'Rouen', 1, 0, 1, 0, 1, 0, 1, 0, 1, 0, NULL, NULL),
(158, 'Ab Tj', 1, 0, 0, 0, 0, 0, 0, 1, 0, 0, NULL, NULL),
(159, 'Monte Carmelo', 1, 0, 1, 1, 0, 0, 1, 0, 1, 1, NULL, NULL),
(160, 'Huikou', 1, 0, 0, 1, 1, 1, 1, 1, 1, 1, NULL, NULL),
(161, 'Oliver', 1, 0, 0, 0, 1, 1, 1, 1, 1, 0, NULL, NULL),
(162, 'Dongling', 0, 0, 0, 0, 0, 0, 1, 1, 0, 1, NULL, NULL),
(163, 'Polyarnyy', 1, 1, 1, 1, 0, 0, 1, 1, 1, 1, NULL, NULL),
(164, 'Wanzhi', 1, 0, 0, 0, 0, 0, 0, 1, 1, 1, NULL, NULL),
(165, 'De la Paz', 0, 1, 0, 0, 1, 1, 1, 0, 1, 1, NULL, NULL),
(166, 'Bom Sucesso', 1, 0, 1, 0, 0, 0, 1, 1, 1, 1, NULL, NULL),
(167, 'Snah', 0, 1, 1, 1, 1, 1, 1, 1, 1, 0, NULL, NULL),
(168, 'Sydney', 1, 0, 0, 0, 0, 1, 1, 1, 1, 0, NULL, NULL),
(169, 'Yerevan', 0, 1, 1, 0, 1, 0, 1, 0, 1, 1, NULL, NULL),
(170, 'Miyakonoj', 1, 1, 0, 1, 1, 1, 1, 1, 1, 1, NULL, NULL),
(171, 'Konibodom', 1, 1, 1, 0, 0, 1, 0, 0, 1, 0, NULL, NULL),
(172, 'San Pedro Ayampuc', 0, 0, 0, 0, 0, 0, 0, 1, 1, 1, NULL, NULL),
(173, 'Tiaodeng', 1, 1, 0, 1, 0, 1, 0, 1, 0, 1, NULL, NULL),
(174, 'Koszarawa', 0, 1, 1, 0, 1, 1, 0, 0, 1, 1, NULL, NULL),
(175, 'hara', 1, 0, 0, 0, 1, 1, 0, 0, 0, 0, NULL, NULL),
(176, 'Wang Nam Yen', 0, 0, 1, 0, 1, 1, 0, 1, 1, 1, NULL, NULL),
(177, 'Eman', 1, 0, 1, 0, 0, 0, 1, 1, 0, 1, NULL, NULL),
(178, 'Lanyi', 1, 0, 1, 0, 0, 0, 0, 1, 0, 0, NULL, NULL),
(179, 'Lobo', 0, 1, 0, 0, 1, 0, 1, 0, 1, 0, NULL, NULL),
(180, 'Tliml', 0, 1, 1, 1, 1, 1, 0, 1, 0, 1, NULL, NULL),
(181, 'Xianan', 0, 1, 1, 1, 0, 0, 0, 1, 0, 1, NULL, NULL),
(182, 'Amnat Charoen', 1, 0, 0, 0, 1, 0, 0, 0, 1, 1, NULL, NULL),
(183, 'Majunying', 1, 1, 0, 1, 1, 0, 1, 0, 1, 1, NULL, NULL);

-- --------------------------------------------------------

--
-- Table structure for table `rate`
--

CREATE TABLE `rate` (
  `id` int(10) UNSIGNED NOT NULL,
  `spot_name` varchar(100) DEFAULT NULL,
  `score` int(11) DEFAULT NULL,
  `tag` varchar(100) DEFAULT NULL,
  `createdAt` datetime DEFAULT NULL,
  `updatedAt` datetime DEFAULT NULL
) ENGINE=InnoDB DEFAULT CHARSET=utf8;

-- --------------------------------------------------------

--
-- Table structure for table `room`
--

CREATE TABLE `room` (
  `room_id` int(10) UNSIGNED NOT NULL,
  `status` varchar(100) DEFAULT NULL,
  `createdAt` datetime DEFAULT NULL,
  `updatedAt` datetime DEFAULT NULL
) ENGINE=InnoDB DEFAULT CHARSET=utf8;

-- --------------------------------------------------------

--
-- Table structure for table `spot`
--

CREATE TABLE `spot` (
  `spot_id` int(10) UNSIGNED NOT NULL,
  `spot_name` varchar(100) DEFAULT NULL,
  `createdAt` datetime DEFAULT NULL,
  `updatedAt` datetime DEFAULT NULL
) ENGINE=InnoDB DEFAULT CHARSET=utf8;

--
-- Dumping data for table `spot`
--

INSERT INTO `spot` (`spot_id`, `spot_name`, `createdAt`, `updatedAt`) VALUES
(1, '', NULL, NULL),
(2, '', NULL, NULL),
(3, '', NULL, NULL),
(4, '', NULL, NULL),
(5, '', NULL, NULL),
(6, '', NULL, NULL),
(7, '', NULL, NULL),
(8, '', NULL, NULL),
(9, ' ', NULL, NULL),
(10, '', NULL, NULL),
(11, '', NULL, NULL),
(12, 'MIHO MUSEUM', NULL, NULL),
(13, '', NULL, NULL),
(14, '', NULL, NULL),
(15, '', NULL, NULL),
(16, '', NULL, NULL),
(17, '', NULL, NULL),
(18, '', NULL, NULL),
(19, '', NULL, NULL),
(20, '', NULL, NULL),
(21, '', NULL, NULL),
(22, '', NULL, NULL),
(23, '', NULL, NULL),
(24, '', NULL, NULL),
(25, '', NULL, NULL),
(26, '', NULL, NULL),
(27, '', NULL, NULL),
(28, '', NULL, NULL),
(29, '', NULL, NULL),
(30, '', NULL, NULL),
(31, '', NULL, NULL),
(32, '', NULL, NULL),
(33, '', NULL, NULL),
(34, '', NULL, NULL),
(35, '', NULL, NULL),
(36, '', NULL, NULL),
(37, '()', NULL, NULL),
(38, '', NULL, NULL),
(39, '', NULL, NULL),
(40, '', NULL, NULL),
(41, '', NULL, NULL),
(42, '', NULL, NULL),
(43, '', NULL, NULL),
(44, '', NULL, NULL),
(45, '', NULL, NULL),
(46, '', NULL, NULL),
(47, ' ', NULL, NULL),
(48, ' - ', NULL, NULL),
(49, '', NULL, NULL),
(50, '', NULL, NULL),
(51, '', NULL, NULL),
(53, 'JRA', NULL, NULL),
(54, '', NULL, NULL),
(55, '', NULL, NULL),
(56, '', NULL, NULL),
(57, '', NULL, NULL),
(58, '', NULL, NULL),
(59, '', NULL, NULL),
(60, '', NULL, NULL),
(61, '', NULL, NULL),
(62, '', NULL, NULL),
(63, '', NULL, NULL),
(65, '', NULL, NULL);

-- --------------------------------------------------------

--
-- Table structure for table `state`
--

CREATE TABLE `state` (
  `state_id` int(10) UNSIGNED NOT NULL,
  `state_name` varchar(500) DEFAULT NULL,
  `createdAt` datetime DEFAULT NULL,
  `updatedAt` datetime DEFAULT NULL
) ENGINE=InnoDB DEFAULT CHARSET=utf8;

--
-- Dumping data for table `state`
--

INSERT INTO `state` (`state_id`, `state_name`, `createdAt`, `updatedAt`) VALUES
(1, 'ShortState', NULL, NULL),
(2, 'StartState', NULL, NULL),
(3, 'MiddleState', NULL, NULL),
(4, 'EndState', NULL, NULL);

-- --------------------------------------------------------

--
-- Table structure for table `test`
--

CREATE TABLE `test` (
  `name` varchar(255) DEFAULT NULL,
  `email` varchar(255) DEFAULT NULL,
  `id` int(10) UNSIGNED NOT NULL,
  `createdAt` datetime DEFAULT NULL,
  `updatedAt` datetime DEFAULT NULL
) ENGINE=InnoDB DEFAULT CHARSET=utf8;

-- --------------------------------------------------------

--
-- Table structure for table `text`
--

CREATE TABLE `text` (
  `id` int(10) UNSIGNED NOT NULL,
  `text` varchar(300) DEFAULT NULL,
  `bot` varchar(300) DEFAULT NULL,
  `createdAt` datetime DEFAULT NULL,
  `updatedAt` datetime DEFAULT NULL
) ENGINE=InnoDB DEFAULT CHARSET=utf8;

--
-- Dumping data for table `text`
--

INSERT INTO `text` (`id`, `text`, `bot`, `createdAt`, `updatedAt`) VALUES
(9, 'ss', 'not understand', '2016-06-27 21:56:12', '2016-06-27 21:56:12'),
(10, 'Hello', 'Good Morning', '2016-06-27 21:56:16', '2016-06-27 21:56:16');

-- --------------------------------------------------------

--
-- Table structure for table `user`
--

CREATE TABLE `user` (
  `user_id` int(10) UNSIGNED NOT NULL,
  `username` varchar(200) DEFAULT NULL,
  `password` varchar(200) DEFAULT NULL,
  `email` varchar(255) DEFAULT NULL,
  `createdAt` datetime DEFAULT NULL,
  `updatedAt` datetime DEFAULT NULL
) ENGINE=InnoDB DEFAULT CHARSET=utf8;

--
-- Dumping data for table `user`
--

INSERT INTO `user` (`user_id`, `username`, `password`, `email`, `createdAt`, `updatedAt`) VALUES
(1, 'pao', '00236263', NULL, NULL, NULL),
(2, 'ben', '00236263', NULL, NULL, NULL),
(3, 'lei', '00236263', NULL, NULL, NULL),
(4, 'ton', '00236263', 'chinghaha1@hotmail.com', '2017-06-25 20:52:54', '2017-06-25 20:52:54'),
(5, 'endopasmic', '00236263', '', '2017-06-25 20:52:55', '2017-06-25 20:52:55'),
(6, 'mock', '00236263', 'ee@ee', '2017-06-25 20:57:10', '2017-06-25 20:57:10');

--
-- Indexes for dumped tables
--

--
-- Indexes for table `article`
--
ALTER TABLE `article`
  ADD PRIMARY KEY (`article_id`);

--
-- Indexes for table `bot_log`
--
ALTER TABLE `bot_log`
  ADD PRIMARY KEY (`bot_log_id`);

--
-- Indexes for table `chat`
--
ALTER TABLE `chat`
  ADD PRIMARY KEY (`id`);

--
-- Indexes for table `component`
--
ALTER TABLE `component`
  ADD PRIMARY KEY (`component_id`);

--
-- Indexes for table `conversation`
--
ALTER TABLE `conversation`
  ADD PRIMARY KEY (`conversation_id`);

--
-- Indexes for table `conversation2`
--
ALTER TABLE `conversation2`
  ADD PRIMARY KEY (`conversation_id`);

--
-- Indexes for table `conversation_process_log`
--
ALTER TABLE `conversation_process_log`
  ADD PRIMARY KEY (`conversation_process_log_id`);

--
-- Indexes for table `debug`
--
ALTER TABLE `debug`
  ADD PRIMARY KEY (`id`);

--
-- Indexes for table `feedback`
--
ALTER TABLE `feedback`
  ADD PRIMARY KEY (`feedback_id`);

--
-- Indexes for table `label`
--
ALTER TABLE `label`
  ADD PRIMARY KEY (`label_id`);

--
-- Indexes for table `log`
--
ALTER TABLE `log`
  ADD PRIMARY KEY (`log_id`);

--
-- Indexes for table `message`
--
ALTER TABLE `message`
  ADD PRIMARY KEY (`id`);

--
-- Indexes for table `person`
--
ALTER TABLE `person`
  ADD PRIMARY KEY (`id`);

--
-- Indexes for table `preference_mock`
--
ALTER TABLE `preference_mock`
  ADD PRIMARY KEY (`id`);

--
-- Indexes for table `rate`
--
ALTER TABLE `rate`
  ADD PRIMARY KEY (`id`);

--
-- Indexes for table `room`
--
ALTER TABLE `room`
  ADD PRIMARY KEY (`room_id`);

--
-- Indexes for table `spot`
--
ALTER TABLE `spot`
  ADD PRIMARY KEY (`spot_id`);

--
-- Indexes for table `state`
--
ALTER TABLE `state`
  ADD PRIMARY KEY (`state_id`);

--
-- Indexes for table `test`
--
ALTER TABLE `test`
  ADD PRIMARY KEY (`id`);

--
-- Indexes for table `text`
--
ALTER TABLE `text`
  ADD PRIMARY KEY (`id`);

--
-- Indexes for table `user`
--
ALTER TABLE `user`
  ADD PRIMARY KEY (`user_id`);

--
-- AUTO_INCREMENT for dumped tables
--

--
-- AUTO_INCREMENT for table `article`
--
ALTER TABLE `article`
  MODIFY `article_id` int(10) UNSIGNED NOT NULL AUTO_INCREMENT, AUTO_INCREMENT=101;
--
-- AUTO_INCREMENT for table `bot_log`
--
ALTER TABLE `bot_log`
  MODIFY `bot_log_id` int(10) UNSIGNED NOT NULL AUTO_INCREMENT, AUTO_INCREMENT=268;
--
-- AUTO_INCREMENT for table `chat`
--
ALTER TABLE `chat`
  MODIFY `id` int(10) UNSIGNED NOT NULL AUTO_INCREMENT;
--
-- AUTO_INCREMENT for table `component`
--
ALTER TABLE `component`
  MODIFY `component_id` int(10) UNSIGNED NOT NULL AUTO_INCREMENT, AUTO_INCREMENT=8;
--
-- AUTO_INCREMENT for table `conversation`
--
ALTER TABLE `conversation`
  MODIFY `conversation_id` int(10) UNSIGNED NOT NULL AUTO_INCREMENT, AUTO_INCREMENT=8;
--
-- AUTO_INCREMENT for table `conversation2`
--
ALTER TABLE `conversation2`
  MODIFY `conversation_id` int(10) UNSIGNED NOT NULL AUTO_INCREMENT;
--
-- AUTO_INCREMENT for table `conversation_process_log`
--
ALTER TABLE `conversation_process_log`
  MODIFY `conversation_process_log_id` int(10) UNSIGNED NOT NULL AUTO_INCREMENT, AUTO_INCREMENT=47;
--
-- AUTO_INCREMENT for table `debug`
--
ALTER TABLE `debug`
  MODIFY `id` int(10) UNSIGNED NOT NULL AUTO_INCREMENT;
--
-- AUTO_INCREMENT for table `feedback`
--
ALTER TABLE `feedback`
  MODIFY `feedback_id` int(10) UNSIGNED NOT NULL AUTO_INCREMENT, AUTO_INCREMENT=121;
--
-- AUTO_INCREMENT for table `label`
--
ALTER TABLE `label`
  MODIFY `label_id` int(10) UNSIGNED NOT NULL AUTO_INCREMENT, AUTO_INCREMENT=103;
--
-- AUTO_INCREMENT for table `log`
--
ALTER TABLE `log`
  MODIFY `log_id` int(10) UNSIGNED NOT NULL AUTO_INCREMENT, AUTO_INCREMENT=702;
--
-- AUTO_INCREMENT for table `message`
--
ALTER TABLE `message`
  MODIFY `id` int(10) UNSIGNED NOT NULL AUTO_INCREMENT;
--
-- AUTO_INCREMENT for table `person`
--
ALTER TABLE `person`
  MODIFY `id` int(10) UNSIGNED NOT NULL AUTO_INCREMENT;
--
-- AUTO_INCREMENT for table `preference_mock`
--
ALTER TABLE `preference_mock`
  MODIFY `id` int(10) UNSIGNED NOT NULL AUTO_INCREMENT, AUTO_INCREMENT=184;
--
-- AUTO_INCREMENT for table `rate`
--
ALTER TABLE `rate`
  MODIFY `id` int(10) UNSIGNED NOT NULL AUTO_INCREMENT;
--
-- AUTO_INCREMENT for table `room`
--
ALTER TABLE `room`
  MODIFY `room_id` int(10) UNSIGNED NOT NULL AUTO_INCREMENT;
--
-- AUTO_INCREMENT for table `spot`
--
ALTER TABLE `spot`
  MODIFY `spot_id` int(10) UNSIGNED NOT NULL AUTO_INCREMENT, AUTO_INCREMENT=66;
--
-- AUTO_INCREMENT for table `state`
--
ALTER TABLE `state`
  MODIFY `state_id` int(10) UNSIGNED NOT NULL AUTO_INCREMENT, AUTO_INCREMENT=5;
--
-- AUTO_INCREMENT for table `test`
--
ALTER TABLE `test`
  MODIFY `id` int(10) UNSIGNED NOT NULL AUTO_INCREMENT;
--
-- AUTO_INCREMENT for table `text`
--
ALTER TABLE `text`
  MODIFY `id` int(10) UNSIGNED NOT NULL AUTO_INCREMENT, AUTO_INCREMENT=11;
--
-- AUTO_INCREMENT for table `user`
--
ALTER TABLE `user`
  MODIFY `user_id` int(10) UNSIGNED NOT NULL AUTO_INCREMENT, AUTO_INCREMENT=7;
/*!40101 SET CHARACTER_SET_CLIENT=@OLD_CHARACTER_SET_CLIENT */;
/*!40101 SET CHARACTER_SET_RESULTS=@OLD_CHARACTER_SET_RESULTS */;
/*!40101 SET COLLATION_CONNECTION=@OLD_COLLATION_CONNECTION */;
