-- phpMyAdmin SQL Dump
-- version 4.5.2
-- http://www.phpmyadmin.net
--
-- Host: localhost
-- Generation Time: May 15, 2017 at 02:47 PM
-- Server version: 10.1.16-MariaDB
-- PHP Version: 5.5.38

SET SQL_MODE = "NO_AUTO_VALUE_ON_ZERO";
SET time_zone = "+00:00";


/*!40101 SET @OLD_CHARACTER_SET_CLIENT=@@CHARACTER_SET_CLIENT */;
/*!40101 SET @OLD_CHARACTER_SET_RESULTS=@@CHARACTER_SET_RESULTS */;
/*!40101 SET @OLD_COLLATION_CONNECTION=@@COLLATION_CONNECTION */;
/*!40101 SET NAMES utf8mb4 */;

--
-- Database: `linkdata`
--

-- --------------------------------------------------------

--
-- Table structure for table `article`
--

CREATE TABLE `article` (
  `article_id` int(10) UNSIGNED NOT NULL,
  `user_id` int(11) DEFAULT NULL,
  `label_id` int(11) DEFAULT NULL,
  `spot_id` int(11) DEFAULT NULL,
  `createdAt` datetime DEFAULT NULL,
  `updatedAt` datetime DEFAULT NULL
) ENGINE=InnoDB DEFAULT CHARSET=utf8;

--
-- Dumping data for table `article`
--

INSERT INTO `article` (`article_id`, `user_id`, `label_id`, `spot_id`, `createdAt`, `updatedAt`) VALUES
(1, 101, 92, 4, NULL, NULL),
(2, 101, 4, 8, NULL, NULL),
(3, 101, 30, 15, NULL, NULL),
(4, 5, 29, 7, NULL, NULL),
(5, 101, 20, 25, NULL, NULL),
(6, 90, 92, 12, NULL, NULL),
(7, 101, 4, 45, NULL, NULL),
(8, 56, 26, 35, NULL, NULL),
(9, 101, 12, 32, NULL, NULL),
(10, 56, 26, 35, NULL, NULL),
(11, 88, 89, 35, NULL, NULL),
(12, 57, 20, 20, NULL, NULL),
(13, 101, 61, 9, NULL, NULL);

-- --------------------------------------------------------

--
-- Table structure for table `chat`
--

CREATE TABLE `chat` (
  `id` int(10) UNSIGNED NOT NULL,
  `text` varchar(300) DEFAULT NULL,
  `bot` varchar(300) DEFAULT NULL,
  `room_id` int(11) DEFAULT NULL,
  `createdAt` datetime DEFAULT NULL,
  `updatedAt` datetime DEFAULT NULL
) ENGINE=InnoDB DEFAULT CHARSET=utf8;

-- --------------------------------------------------------

--
-- Table structure for table `component`
--

CREATE TABLE `component` (
  `component_id` int(10) UNSIGNED NOT NULL,
  `component_name` varchar(100) DEFAULT NULL,
  `createdAt` datetime DEFAULT NULL,
  `updatedAt` datetime DEFAULT NULL
) ENGINE=InnoDB DEFAULT CHARSET=utf8;

--
-- Dumping data for table `component`
--

INSERT INTO `component` (`component_id`, `component_name`, `createdAt`, `updatedAt`) VALUES
(1, 'StopSentence', NULL, NULL),
(2, 'RecommendSpot', NULL, NULL),
(3, 'EndRecommend', NULL, NULL),
(4, 'Yes', NULL, NULL),
(5, 'No', NULL, NULL),
(6, 'Like', NULL, NULL),
(7, 'Dislike', NULL, NULL);

-- --------------------------------------------------------

--
-- Table structure for table `conversation`
--

CREATE TABLE `conversation` (
  `conversation_id` int(10) UNSIGNED NOT NULL,
  `question` varchar(100) DEFAULT NULL,
  `answer` varchar(500) DEFAULT NULL,
  `component_id` int(11) DEFAULT NULL,
  `createdAt` datetime DEFAULT NULL,
  `updatedAt` datetime DEFAULT NULL
) ENGINE=InnoDB DEFAULT CHARSET=utf8;

--
-- Dumping data for table `conversation`
--

INSERT INTO `conversation` (`conversation_id`, `question`, `answer`, `component_id`, `createdAt`, `updatedAt`) VALUES
(1, 'Hello', 'Hi', 1, NULL, NULL),
(2, 'start', NULL, 2, NULL, NULL),
(3, 'end', NULL, 3, NULL, NULL),
(4, 'yes', NULL, 4, NULL, NULL),
(5, 'no', NULL, 5, NULL, NULL);

-- --------------------------------------------------------

--
-- Table structure for table `conversation2`
--

CREATE TABLE `conversation2` (
  `conversation_id` int(10) UNSIGNED NOT NULL,
  `status` varchar(100) DEFAULT NULL,
  `createdAt` datetime DEFAULT NULL,
  `updatedAt` datetime DEFAULT NULL
) ENGINE=InnoDB DEFAULT CHARSET=utf8;

-- --------------------------------------------------------

--
-- Table structure for table `debug`
--

CREATE TABLE `debug` (
  `id` int(10) UNSIGNED NOT NULL,
  `createdAt` datetime DEFAULT NULL,
  `updatedAt` datetime DEFAULT NULL
) ENGINE=InnoDB DEFAULT CHARSET=utf8;

-- --------------------------------------------------------

--
-- Table structure for table `feedback`
--

CREATE TABLE `feedback` (
  `feedback_id` int(10) UNSIGNED NOT NULL,
  `log_id` int(11) DEFAULT NULL,
  `feedback` int(11) DEFAULT NULL,
  `createdAt` datetime DEFAULT NULL,
  `updatedAt` datetime DEFAULT NULL
) ENGINE=InnoDB DEFAULT CHARSET=utf8;

-- --------------------------------------------------------

--
-- Table structure for table `label`
--

CREATE TABLE `label` (
  `label_id` int(10) UNSIGNED NOT NULL,
  `label_name` varchar(100) DEFAULT NULL,
  `label_score` int(11) DEFAULT NULL,
  `createdAt` datetime DEFAULT NULL,
  `updatedAt` datetime DEFAULT NULL
) ENGINE=InnoDB DEFAULT CHARSET=utf8;

--
-- Dumping data for table `label`
--

INSERT INTO `label` (`label_id`, `label_name`, `label_score`, `createdAt`, `updatedAt`) VALUES
(1, 'town', 52, NULL, NULL),
(2, 'moutain', 83, NULL, NULL),
(3, 'slient', 64, NULL, NULL),
(4, 'temple', 96, NULL, NULL),
(5, 'katana', 8, NULL, NULL),
(6, 'shinkansen', 50, NULL, NULL),
(7, 'clean', 56, NULL, NULL),
(8, 'friend', 8, NULL, NULL),
(9, 'sushi', 25, NULL, NULL),
(10, 'playground', 25, NULL, NULL),
(11, 'white day', 58, NULL, NULL),
(12, 'department', 95, NULL, NULL),
(13, 'technology', 14, NULL, NULL),
(14, 'outdoor', 54, NULL, NULL),
(15, 'oni', 31, NULL, NULL),
(16, 'weapon', 76, NULL, NULL),
(17, 'night', 73, NULL, NULL),
(18, 'nuke', 75, NULL, NULL),
(19, 'boat', 7, NULL, NULL),
(20, 'park', 93, NULL, NULL),
(21, 'walking', 85, NULL, NULL),
(22, 'natural', 89, NULL, NULL),
(23, 'war', 76, NULL, NULL),
(24, 'snow', 27, NULL, NULL),
(25, 'sea', 90, NULL, NULL),
(26, 'school', 3, NULL, NULL),
(27, 'yakuza', 42, NULL, NULL),
(28, 'robot', 18, NULL, NULL),
(29, 'flower', 97, NULL, NULL),
(30, 'lake', 99, NULL, NULL),
(31, 'bike', 50, NULL, NULL),
(32, 'stand', 61, NULL, NULL),
(33, 'farm', 45, NULL, NULL),
(34, 'movie', 2, NULL, NULL),
(35, 'indoor', 55, NULL, NULL),
(36, 'noisy', 64, NULL, NULL),
(37, 'biologic', 22, NULL, NULL),
(38, 'festival', 57, NULL, NULL),
(39, 'opera', 78, NULL, NULL),
(40, 'fruit', 9, NULL, NULL),
(41, 'gundam', 16, NULL, NULL),
(42, 'colorfull', 74, NULL, NULL),
(43, 'religion', 18, NULL, NULL),
(44, 'math', 21, NULL, NULL),
(45, 'tanabata', 58, NULL, NULL),
(46, 'zoo', 80, NULL, NULL),
(47, 'apple', 9, NULL, NULL),
(48, 'history', 76, NULL, NULL),
(49, 'sunshine', 71, NULL, NULL),
(50, 'party', 35, NULL, NULL),
(51, 'dango', 22, NULL, NULL),
(52, 'winter', 81, NULL, NULL),
(53, 'label_id', 51, NULL, NULL),
(54, 'airplane', 46, NULL, NULL),
(55, 'love', 59, NULL, NULL),
(56, 'music', 86, NULL, NULL),
(57, 'illumination', 72, NULL, NULL),
(58, 'alien', 62, NULL, NULL),
(59, 'bar', 85, NULL, NULL),
(60, 'drive', 85, NULL, NULL),
(61, 'castle', 96, NULL, NULL),
(62, 'family', 83, NULL, NULL),
(63, 'calture', 88, NULL, NULL),
(64, 'seichi', 90, NULL, NULL),
(65, 'expensive', 80, NULL, NULL),
(66, 'date', 84, NULL, NULL),
(67, 'dish', 29, NULL, NULL),
(68, 'romantic', 31, NULL, NULL),
(69, 'station', 95, NULL, NULL),
(70, 'tv', 3, NULL, NULL),
(71, 'pokemon go', 19, NULL, NULL),
(72, 'cheap', 90, NULL, NULL),
(73, 'ramen', 24, NULL, NULL),
(74, 'okonomiyaki', 40, NULL, NULL),
(75, 'summer', 82, NULL, NULL),
(76, 'Oregairu', 72, NULL, NULL),
(77, 'mafia', 41, NULL, NULL),
(78, 'battle ship', 45, NULL, NULL),
(79, 'onsen', 92, NULL, NULL),
(80, 'clamping', 55, NULL, NULL),
(81, 'label_id', 12, NULL, NULL),
(82, 'altium', 81, NULL, NULL),
(83, 'university', 6, NULL, NULL),
(84, 'spring', 83, NULL, NULL),
(85, 'mascot', 23, NULL, NULL),
(86, 'label_id', 52, NULL, NULL),
(87, 'snow', 38, NULL, NULL),
(88, 'alone', 30, NULL, NULL),
(89, 'singer', 14, NULL, NULL),
(90, 'sleepy', 66, NULL, NULL),
(91, 'science', 22, NULL, NULL),
(92, 'art', 97, NULL, NULL),
(93, 'science', 77, NULL, NULL),
(94, 'office', 79, NULL, NULL),
(95, 'idol', 15, NULL, NULL),
(96, 'label_id', 52, NULL, NULL),
(97, 'not go any more', 69, NULL, NULL),
(98, 'car', 51, NULL, NULL),
(99, 'museum', 98, NULL, NULL),
(100, 'single', 15, NULL, NULL);

-- --------------------------------------------------------

--
-- Table structure for table `log`
--

CREATE TABLE `log` (
  `log_id` int(10) UNSIGNED NOT NULL,
  `user_id` int(11) DEFAULT NULL,
  `state_id` int(11) DEFAULT NULL,
  `component_id` int(11) DEFAULT NULL,
  `message` varchar(500) DEFAULT NULL,
  `createdAt` datetime DEFAULT NULL,
  `updatedAt` datetime DEFAULT NULL
) ENGINE=InnoDB DEFAULT CHARSET=utf8;

--
-- Dumping data for table `log`
--

INSERT INTO `log` (`log_id`, `user_id`, `state_id`, `component_id`, `message`, `createdAt`, `updatedAt`) VALUES
(1, 101, 2, 2, 'start', '2017-03-10 05:09:02', '2017-03-10 05:09:02'),
(2, 101, 2, 3, 'end', '2017-03-10 05:18:21', '2017-03-10 05:18:21'),
(3, 101, 2, 2, 'start', '2017-03-10 05:18:27', '2017-03-10 05:18:27'),
(4, 101, 2, 4, 'Yes', '2017-03-10 05:18:33', '2017-03-10 05:18:33'),
(5, 101, 2, 4, 'Yes', '2017-03-10 05:18:50', '2017-03-10 05:18:50'),
(6, 101, 2, 5, 'No', '2017-03-10 05:19:02', '2017-03-10 05:19:02'),
(7, 101, 2, 5, 'No', '2017-03-10 05:19:08', '2017-03-10 05:19:08'),
(8, 101, 2, 4, 'Yes', '2017-03-10 05:19:16', '2017-03-10 05:19:16'),
(9, 101, 2, 4, 'Yes', '2017-03-10 05:19:21', '2017-03-10 05:19:21'),
(10, 101, 3, 5, 'No', '2017-03-10 05:41:36', '2017-03-10 05:41:36'),
(11, 101, 3, 4, 'Yes', '2017-03-10 05:41:39', '2017-03-10 05:41:39'),
(12, 101, 3, 4, 'Yes', '2017-03-10 05:42:23', '2017-03-10 05:42:23'),
(13, 101, 3, 5, 'No', '2017-03-10 05:42:30', '2017-03-10 05:42:30'),
(14, 101, 3, 4, 'yes', '2017-03-10 06:09:14', '2017-03-10 06:09:14'),
(15, 101, NULL, NULL, 'end', '2017-03-10 06:33:29', '2017-03-10 06:33:29'),
(16, 101, 1, 2, 'start', '2017-03-10 17:22:31', '2017-03-10 17:22:31'),
(17, 101, 1, 3, 'end', '2017-03-10 17:22:53', '2017-03-10 17:22:53'),
(18, 101, 1, 2, 'start', '2017-03-10 17:23:13', '2017-03-10 17:23:13'),
(19, 101, 1, 4, 'Yes', '2017-03-10 17:23:18', '2017-03-10 17:23:18'),
(20, 101, 1, 5, 'No', '2017-03-10 17:23:21', '2017-03-10 17:23:21'),
(21, 101, 1, 5, 'no', '2017-03-10 17:24:12', '2017-03-10 17:24:12'),
(22, 101, 1, 4, 'yes', '2017-03-10 17:24:27', '2017-03-10 17:24:27'),
(23, 101, 1, 3, 'end', '2017-03-10 17:24:49', '2017-03-10 17:24:49'),
(24, 101, 1, 2, 'start', '2017-03-10 17:26:14', '2017-03-10 17:26:14'),
(25, 101, 1, 4, 'yes', '2017-03-10 17:26:18', '2017-03-10 17:26:18'),
(26, 101, 1, 5, 'no', '2017-03-10 17:27:00', '2017-03-10 17:27:00'),
(27, 101, 1, 4, 'yes', '2017-03-10 17:27:06', '2017-03-10 17:27:06'),
(28, 101, 1, 5, 'no', '2017-03-10 17:27:12', '2017-03-10 17:27:12'),
(29, 101, 1, 5, 'no', '2017-03-10 17:27:20', '2017-03-10 17:27:20'),
(30, 101, 1, 4, 'yes', '2017-03-10 17:27:46', '2017-03-10 17:27:46'),
(31, 101, 1, 5, 'no', '2017-03-10 17:27:55', '2017-03-10 17:27:55'),
(32, 101, 1, 3, 'end', '2017-03-10 17:51:21', '2017-03-10 17:51:21'),
(33, 101, 1, 2, 'start', '2017-03-10 17:52:26', '2017-03-10 17:52:26'),
(34, 101, 1, 4, 'yes', '2017-03-10 17:56:38', '2017-03-10 17:56:38'),
(35, 101, 1, 5, 'no', '2017-03-10 17:57:14', '2017-03-10 17:57:14'),
(36, 101, 1, 4, 'yes', '2017-03-10 17:57:21', '2017-03-10 17:57:21'),
(37, 101, 1, 4, 'yes', '2017-03-10 17:57:26', '2017-03-10 17:57:26'),
(38, 101, 1, 5, 'no', '2017-03-10 17:57:30', '2017-03-10 17:57:30'),
(39, 101, 1, 4, 'yes', '2017-03-10 17:57:37', '2017-03-10 17:57:37'),
(40, 101, 1, 5, 'no', '2017-03-10 17:57:43', '2017-03-10 17:57:43'),
(41, 101, 1, 4, 'yes', '2017-03-10 18:22:27', '2017-03-10 18:22:27'),
(42, 101, 1, 3, 'end', '2017-03-10 18:23:00', '2017-03-10 18:23:00'),
(43, 101, 1, 2, 'start', '2017-03-10 18:27:03', '2017-03-10 18:27:03'),
(44, 101, 1, 4, 'yes', '2017-03-10 18:27:19', '2017-03-10 18:27:19'),
(45, 101, 1, 5, 'no', '2017-03-10 18:27:27', '2017-03-10 18:27:27'),
(46, 101, 1, 3, 'end', '2017-03-10 18:35:32', '2017-03-10 18:35:32'),
(47, 101, 1, 2, 'start', '2017-03-10 18:46:57', '2017-03-10 18:46:57'),
(48, 101, 1, 4, 'yes', '2017-03-10 18:47:02', '2017-03-10 18:47:02'),
(49, 101, 1, 5, 'no', '2017-03-10 18:47:07', '2017-03-10 18:47:07'),
(50, 101, 1, 3, 'end', '2017-03-10 18:47:12', '2017-03-10 18:47:12'),
(51, 101, 1, 2, 'start', '2017-03-10 19:53:09', '2017-03-10 19:53:09'),
(52, 101, 1, 4, 'yes', '2017-03-11 04:44:35', '2017-03-11 04:44:35'),
(53, 101, 1, 3, 'end', '2017-03-11 04:45:26', '2017-03-11 04:45:26'),
(54, 101, 1, 2, 'start', '2017-03-11 04:45:33', '2017-03-11 04:45:33'),
(55, 101, 1, 2, 'start', '2017-03-11 04:46:14', '2017-03-11 04:46:14'),
(56, 101, 1, 3, 'end', '2017-03-11 04:46:21', '2017-03-11 04:46:21'),
(57, 101, 1, 2, 'start', '2017-03-11 04:46:33', '2017-03-11 04:46:33'),
(58, 101, 1, 4, 'yes', '2017-03-11 04:46:37', '2017-03-11 04:46:37'),
(59, 101, 1, 5, 'no', '2017-03-11 05:23:44', '2017-03-11 05:23:44'),
(60, 101, 1, 4, 'yes', '2017-03-11 05:23:55', '2017-03-11 05:23:55'),
(61, 101, 1, 5, 'no', '2017-03-11 05:24:01', '2017-03-11 05:24:01'),
(62, 101, 1, 3, 'end', '2017-03-11 05:24:06', '2017-03-11 05:24:06'),
(63, 101, 1, 3, 'end', '2017-03-11 05:33:46', '2017-03-11 05:33:46'),
(64, 101, 1, 2, 'start', '2017-03-11 05:33:54', '2017-03-11 05:33:54'),
(65, 101, 1, 4, 'yes', '2017-03-11 05:34:04', '2017-03-11 05:34:04'),
(66, 101, 1, 4, 'yes', '2017-03-11 05:34:39', '2017-03-11 05:34:39'),
(67, 101, 1, 5, 'no', '2017-03-11 05:34:50', '2017-03-11 05:34:50'),
(68, 101, 1, 3, 'end', '2017-03-11 05:47:05', '2017-03-11 05:47:05'),
(69, 101, 1, 2, 'start', '2017-03-11 05:47:11', '2017-03-11 05:47:11'),
(70, 101, 1, 4, 'yes', '2017-03-11 05:47:18', '2017-03-11 05:47:18'),
(71, 101, 1, 3, 'end', '2017-03-11 05:48:11', '2017-03-11 05:48:11'),
(72, 101, 1, 2, 'start', '2017-03-11 05:48:21', '2017-03-11 05:48:21'),
(73, 101, 1, 4, 'yes', '2017-03-11 05:48:26', '2017-03-11 05:48:26'),
(74, 101, 1, 4, 'yes', '2017-03-11 05:49:00', '2017-03-11 05:49:00'),
(75, 101, 1, 3, 'end', '2017-03-11 05:49:47', '2017-03-11 05:49:47'),
(76, 101, 1, 2, 'start', '2017-03-11 05:49:58', '2017-03-11 05:49:58'),
(77, 101, 1, 4, 'yes', '2017-03-11 05:50:01', '2017-03-11 05:50:01'),
(78, 101, 1, 3, 'end', '2017-03-11 05:52:18', '2017-03-11 05:52:18'),
(79, 101, 1, 2, 'start', '2017-03-11 05:58:23', '2017-03-11 05:58:23'),
(80, 101, 1, 4, 'yes', '2017-03-11 05:58:28', '2017-03-11 05:58:28'),
(81, 101, 1, 4, 'yes', '2017-03-11 05:58:44', '2017-03-11 05:58:44'),
(82, 101, 1, 5, 'no', '2017-03-11 05:58:49', '2017-03-11 05:58:49'),
(83, 101, 1, 3, 'end', '2017-03-11 06:10:35', '2017-03-11 06:10:35'),
(84, 101, 1, 2, 'start', '2017-03-11 06:10:45', '2017-03-11 06:10:45'),
(85, 101, 1, 4, 'yes', '2017-03-11 06:10:48', '2017-03-11 06:10:48'),
(86, 101, 1, 4, 'yes', '2017-03-11 06:10:56', '2017-03-11 06:10:56'),
(87, 101, 1, 4, 'yes', '2017-03-11 06:11:06', '2017-03-11 06:11:06'),
(88, 101, 1, 3, 'end', '2017-03-11 06:20:15', '2017-03-11 06:20:15'),
(89, 101, 1, 2, 'start', '2017-03-11 06:20:20', '2017-03-11 06:20:20'),
(90, 101, 1, 4, 'yes', '2017-03-11 06:20:27', '2017-03-11 06:20:27'),
(91, 101, 1, 4, 'yes', '2017-03-11 06:20:39', '2017-03-11 06:20:39'),
(92, 101, 1, 4, 'yes', '2017-03-11 06:21:14', '2017-03-11 06:21:14'),
(93, 101, 1, 3, 'end', '2017-03-11 06:22:07', '2017-03-11 06:22:07'),
(94, 101, 1, 2, 'start', '2017-03-11 06:22:10', '2017-03-11 06:22:10'),
(95, 101, 1, 4, 'yes', '2017-03-11 06:22:13', '2017-03-11 06:22:13'),
(96, 101, 1, 4, 'yes', '2017-03-11 06:22:16', '2017-03-11 06:22:16'),
(97, 101, 1, 4, 'yes', '2017-03-11 06:22:18', '2017-03-11 06:22:18'),
(98, 101, 1, 3, 'end', '2017-03-11 06:23:05', '2017-03-11 06:23:05'),
(99, 101, 1, 2, 'start', '2017-03-11 06:23:10', '2017-03-11 06:23:10'),
(100, 101, 1, 4, 'yes', '2017-03-11 06:23:13', '2017-03-11 06:23:13'),
(101, 101, 1, 4, 'yes', '2017-03-11 06:23:15', '2017-03-11 06:23:15'),
(102, 101, 1, 4, 'yes', '2017-03-11 06:23:16', '2017-03-11 06:23:16'),
(103, 101, 1, 3, 'end', '2017-03-11 06:23:43', '2017-03-11 06:23:43'),
(104, 101, 1, 2, 'start', '2017-03-11 06:23:46', '2017-03-11 06:23:46'),
(105, 101, 1, 4, 'yes', '2017-03-11 06:23:49', '2017-03-11 06:23:49'),
(106, 101, 1, 4, 'yes', '2017-03-11 06:23:53', '2017-03-11 06:23:53'),
(107, 101, 1, 4, 'yes', '2017-03-11 06:24:00', '2017-03-11 06:24:00'),
(108, 101, 1, 3, 'end', '2017-03-11 06:33:48', '2017-03-11 06:33:48'),
(109, 101, 1, 2, 'start', '2017-03-11 06:33:54', '2017-03-11 06:33:54'),
(110, 101, 1, 4, 'yes', '2017-03-11 06:33:57', '2017-03-11 06:33:57'),
(111, 101, 1, 4, 'yes', '2017-03-11 06:34:03', '2017-03-11 06:34:03'),
(112, 101, 1, 4, 'yes', '2017-03-11 06:34:06', '2017-03-11 06:34:06'),
(113, 101, 1, 3, 'end', '2017-03-11 06:35:48', '2017-03-11 06:35:48'),
(114, 101, 1, 2, 'start', '2017-03-11 06:35:52', '2017-03-11 06:35:52'),
(115, 101, 1, 4, 'yes', '2017-03-11 06:35:55', '2017-03-11 06:35:55'),
(116, 101, 1, 4, 'yes', '2017-03-11 06:35:57', '2017-03-11 06:35:57'),
(117, 101, 1, 4, 'yes', '2017-03-11 06:35:59', '2017-03-11 06:35:59'),
(118, 101, 1, 3, 'end', '2017-03-11 06:36:40', '2017-03-11 06:36:40'),
(119, 101, 1, 2, 'start', '2017-03-11 06:36:43', '2017-03-11 06:36:43'),
(120, 101, 1, 4, 'yes', '2017-03-11 06:36:47', '2017-03-11 06:36:47'),
(121, 101, 1, 4, 'yes', '2017-03-11 06:36:48', '2017-03-11 06:36:48'),
(122, 101, 1, 4, 'yes', '2017-03-11 06:36:50', '2017-03-11 06:36:50'),
(123, 101, 1, 3, 'end', '2017-03-11 06:37:35', '2017-03-11 06:37:35'),
(124, 101, 1, 2, 'start', '2017-03-11 06:37:41', '2017-03-11 06:37:41'),
(125, 101, 1, 4, 'yes', '2017-03-11 06:37:46', '2017-03-11 06:37:46'),
(126, 101, 1, 4, 'yes', '2017-03-11 06:37:51', '2017-03-11 06:37:51'),
(127, 101, 1, 4, 'yes', '2017-03-11 06:37:53', '2017-03-11 06:37:53'),
(128, 101, 1, 3, 'end', '2017-03-11 06:38:36', '2017-03-11 06:38:36'),
(129, 101, 1, 2, 'start', '2017-03-11 06:38:38', '2017-03-11 06:38:38'),
(130, 101, 1, 4, 'yes', '2017-03-11 06:38:40', '2017-03-11 06:38:40'),
(131, 101, 1, 4, 'yes', '2017-03-11 06:38:48', '2017-03-11 06:38:48'),
(132, 101, 1, 4, 'yes', '2017-03-11 06:38:55', '2017-03-11 06:38:55'),
(133, 101, 1, 3, 'end', '2017-03-11 06:41:46', '2017-03-11 06:41:46'),
(134, 101, 1, 2, 'start', '2017-03-11 06:41:50', '2017-03-11 06:41:50'),
(135, 101, 1, 4, 'yes', '2017-03-11 06:41:53', '2017-03-11 06:41:53'),
(136, 101, 1, 4, 'yes', '2017-03-11 06:41:55', '2017-03-11 06:41:55'),
(137, 101, 1, 4, 'yes', '2017-03-11 06:41:56', '2017-03-11 06:41:56'),
(138, 101, 1, 5, 'no', '2017-03-11 06:42:00', '2017-03-11 06:42:00'),
(139, 101, 1, 3, 'end', '2017-03-11 06:59:55', '2017-03-11 06:59:55'),
(140, 101, 1, 2, 'start', '2017-03-11 07:01:01', '2017-03-11 07:01:01'),
(141, 101, 1, 3, 'end', '2017-03-11 07:09:56', '2017-03-11 07:09:56'),
(142, 101, 1, 2, 'start', '2017-03-11 07:10:04', '2017-03-11 07:10:04'),
(143, 101, 1, 3, 'end', '2017-03-11 07:10:10', '2017-03-11 07:10:10'),
(144, 101, 1, 2, 'start', '2017-03-11 07:10:20', '2017-03-11 07:10:20'),
(145, 101, 1, 3, 'end', '2017-03-11 07:11:10', '2017-03-11 07:11:10'),
(146, 101, 1, 2, 'start', '2017-03-11 07:11:14', '2017-03-11 07:11:14'),
(147, 101, 1, 3, 'end', '2017-03-11 07:24:25', '2017-03-11 07:24:25'),
(148, 101, 1, 2, 'start', '2017-03-11 07:24:30', '2017-03-11 07:24:30'),
(149, 101, 1, 4, 'yes', '2017-03-11 07:24:37', '2017-03-11 07:24:37'),
(150, 101, 1, 4, 'yes', '2017-03-11 07:24:43', '2017-03-11 07:24:43'),
(151, 101, 1, 3, 'end', '2017-03-11 07:51:11', '2017-03-11 07:51:11'),
(152, 101, 1, 2, 'start', '2017-03-11 07:51:32', '2017-03-11 07:51:32'),
(153, 101, 1, 4, 'yes', '2017-03-11 07:51:36', '2017-03-11 07:51:36'),
(154, 101, 1, 4, 'yes', '2017-03-11 07:51:42', '2017-03-11 07:51:42'),
(155, 101, 1, 4, 'yes', '2017-03-11 07:51:48', '2017-03-11 07:51:48'),
(156, 101, 1, 4, 'yes', '2017-03-11 07:51:55', '2017-03-11 07:51:55'),
(157, 101, 1, 4, 'yes', '2017-03-11 07:59:56', '2017-03-11 07:59:56'),
(158, 101, 1, 4, 'yes', '2017-03-11 08:07:12', '2017-03-11 08:07:12'),
(159, 101, 1, 4, 'yes', '2017-03-11 08:07:49', '2017-03-11 08:07:49'),
(160, 101, 1, 4, 'yes', '2017-03-11 08:08:11', '2017-03-11 08:08:11'),
(161, 101, 1, 3, 'end', '2017-03-11 08:08:39', '2017-03-11 08:08:39'),
(162, 101, 1, 2, 'start', '2017-03-11 08:08:47', '2017-03-11 08:08:47'),
(163, 101, 1, 4, 'yes', '2017-03-11 08:08:52', '2017-03-11 08:08:52'),
(164, 101, 1, 5, 'no', '2017-03-11 08:08:56', '2017-03-11 08:08:56'),
(165, 101, 1, 4, 'yes', '2017-03-11 08:09:04', '2017-03-11 08:09:04'),
(166, 101, 1, 4, 'yes', '2017-03-11 08:09:08', '2017-03-11 08:09:08'),
(167, 101, 1, 1, 'Hello', '2017-03-15 15:21:37', '2017-03-15 15:21:37'),
(168, 101, 1, 2, 'start', '2017-03-15 15:22:02', '2017-03-15 15:22:02'),
(169, 101, 1, 3, 'end', '2017-03-15 15:22:11', '2017-03-15 15:22:11'),
(170, 101, 1, 2, 'start', '2017-03-15 15:22:37', '2017-03-15 15:22:37'),
(171, 101, 1, 4, 'yes', '2017-03-15 15:22:55', '2017-03-15 15:22:55'),
(172, 101, 1, 5, 'no', '2017-03-15 15:23:30', '2017-03-15 15:23:30'),
(173, 101, 1, 4, 'yes', '2017-03-15 15:23:33', '2017-03-15 15:23:33'),
(174, 101, 1, 5, 'no', '2017-03-15 15:23:39', '2017-03-15 15:23:39'),
(175, 101, 1, 3, 'end', '2017-03-15 15:24:09', '2017-03-15 15:24:09'),
(176, 101, 1, 2, 'start', '2017-03-15 15:24:15', '2017-03-15 15:24:15'),
(177, 101, 1, 5, 'no', '2017-03-15 15:24:18', '2017-03-15 15:24:18'),
(178, 101, 1, 5, 'no', '2017-03-15 15:24:21', '2017-03-15 15:24:21'),
(179, 101, 1, 4, 'yes', '2017-03-15 15:24:25', '2017-03-15 15:24:25'),
(180, 101, 1, 4, 'yes', '2017-03-15 15:24:29', '2017-03-15 15:24:29'),
(181, 101, 1, 3, 'end', '2017-03-15 15:25:05', '2017-03-15 15:25:05'),
(182, 101, 1, 2, 'start', '2017-03-15 15:25:20', '2017-03-15 15:25:20'),
(183, 101, 1, 5, 'no', '2017-03-15 15:25:33', '2017-03-15 15:25:33'),
(184, 101, 1, 5, 'no', '2017-03-15 15:25:35', '2017-03-15 15:25:35'),
(185, 101, 1, 5, 'no', '2017-03-15 15:25:37', '2017-03-15 15:25:37'),
(186, 101, 1, 4, 'yes', '2017-03-15 15:25:42', '2017-03-15 15:25:42'),
(187, 101, 1, 3, 'end', '2017-03-15 15:44:34', '2017-03-15 15:44:34'),
(188, 101, 1, 2, 'start', '2017-03-15 15:44:39', '2017-03-15 15:44:39'),
(189, 101, 1, 5, 'no', '2017-03-15 15:44:42', '2017-03-15 15:44:42'),
(190, 101, 1, 5, 'no', '2017-03-15 15:44:52', '2017-03-15 15:44:52'),
(191, 101, 1, 5, 'no', '2017-03-15 15:44:59', '2017-03-15 15:44:59'),
(192, 101, 1, 4, 'yes', '2017-03-15 15:45:01', '2017-03-15 15:45:01'),
(193, 101, 1, 4, 'yes', '2017-03-15 15:48:46', '2017-03-15 15:48:46'),
(194, 101, 1, 5, 'no', '2017-03-15 15:50:09', '2017-03-15 15:50:09'),
(195, 101, 1, 5, 'no', '2017-03-15 15:50:11', '2017-03-15 15:50:11'),
(196, 101, 1, 3, 'end', '2017-03-15 15:50:18', '2017-03-15 15:50:18'),
(197, 101, 1, 4, 'yes', '2017-03-15 15:50:28', '2017-03-15 15:50:28'),
(198, 101, 1, 2, 'start', '2017-03-15 15:50:32', '2017-03-15 15:50:32'),
(199, 101, 1, 3, 'end', '2017-03-15 15:50:36', '2017-03-15 15:50:36'),
(200, 101, 1, 2, 'start', '2017-03-15 15:50:41', '2017-03-15 15:50:41'),
(201, 101, 1, 5, 'no', '2017-03-15 15:50:46', '2017-03-15 15:50:46'),
(202, 101, 1, 5, 'no', '2017-03-15 15:50:48', '2017-03-15 15:50:48'),
(203, 101, 1, 5, 'no', '2017-03-15 15:50:50', '2017-03-15 15:50:50'),
(204, 101, 1, 5, 'no', '2017-03-15 15:50:52', '2017-03-15 15:50:52'),
(205, 101, 1, 3, 'end', '2017-03-15 15:51:26', '2017-03-15 15:51:26'),
(206, 101, 1, 2, 'start', '2017-03-15 15:51:33', '2017-03-15 15:51:33'),
(207, 101, 1, 5, 'no', '2017-03-15 15:51:42', '2017-03-15 15:51:42'),
(208, 101, 1, 4, 'yes', '2017-03-15 15:51:44', '2017-03-15 15:51:44'),
(209, 101, 1, 4, 'yes', '2017-03-15 15:51:47', '2017-03-15 15:51:47'),
(210, 101, 1, 4, 'yes', '2017-03-15 15:51:49', '2017-03-15 15:51:49'),
(211, 101, 1, 3, 'end', '2017-03-15 15:54:19', '2017-03-15 15:54:19'),
(212, 101, 1, 5, 'no', '2017-03-15 15:54:24', '2017-03-15 15:54:24'),
(213, 101, 1, 5, 'no', '2017-03-15 15:54:26', '2017-03-15 15:54:26'),
(214, 101, 1, 5, 'no', '2017-03-15 15:54:28', '2017-03-15 15:54:28'),
(215, 101, 1, 5, 'no', '2017-03-15 15:54:31', '2017-03-15 15:54:31'),
(216, 101, 1, 4, 'yes', '2017-03-15 15:54:34', '2017-03-15 15:54:34'),
(217, 101, 1, 3, 'end', '2017-03-15 16:06:04', '2017-03-15 16:06:04'),
(218, 101, 1, 2, 'start', '2017-03-15 16:06:10', '2017-03-15 16:06:10'),
(219, 101, 1, 5, 'no', '2017-03-15 16:06:15', '2017-03-15 16:06:15'),
(220, 101, 1, 5, 'no', '2017-03-15 16:06:18', '2017-03-15 16:06:18'),
(221, 101, 1, 5, 'no', '2017-03-15 16:06:20', '2017-03-15 16:06:20'),
(222, 101, 1, 4, 'yes', '2017-03-15 16:06:43', '2017-03-15 16:06:43'),
(223, 101, 1, 3, 'end', '2017-03-15 16:08:52', '2017-03-15 16:08:52'),
(224, 101, 1, 2, 'start', '2017-03-15 16:08:58', '2017-03-15 16:08:58'),
(225, 101, 1, 5, 'no', '2017-03-15 16:09:01', '2017-03-15 16:09:01'),
(226, 101, 1, 5, 'no', '2017-03-15 16:09:04', '2017-03-15 16:09:04'),
(227, 101, 1, 5, 'no', '2017-03-15 16:09:14', '2017-03-15 16:09:14'),
(228, 101, 1, 4, 'yes', '2017-03-15 16:09:18', '2017-03-15 16:09:18'),
(229, 101, 1, 3, 'end', '2017-03-16 16:22:08', '2017-03-16 16:22:08'),
(230, 101, 1, 1, 'Hello', '2017-03-16 16:22:39', '2017-03-16 16:22:39'),
(231, 101, 1, 2, 'start', '2017-03-16 16:23:02', '2017-03-16 16:23:02'),
(232, 101, 1, 4, 'yes', '2017-03-16 16:23:45', '2017-03-16 16:23:45'),
(233, 101, 1, 5, 'no', '2017-03-16 16:24:08', '2017-03-16 16:24:08'),
(234, 101, 1, 5, 'no', '2017-03-16 16:24:16', '2017-03-16 16:24:16'),
(235, 101, 1, 5, 'no', '2017-03-16 16:24:24', '2017-03-16 16:24:24'),
(236, 101, 1, 4, 'yes', '2017-03-16 16:28:30', '2017-03-16 16:28:30'),
(237, 101, 1, 3, 'end', '2017-03-16 16:28:48', '2017-03-16 16:28:48'),
(238, 101, 1, 1, 'Hello', '2017-03-16 16:29:14', '2017-03-16 16:29:14'),
(239, 101, 1, 2, 'start', '2017-03-16 16:29:17', '2017-03-16 16:29:17'),
(240, 101, 1, 5, 'no', '2017-03-16 16:29:36', '2017-03-16 16:29:36'),
(241, 101, 1, 5, 'no', '2017-03-16 16:29:38', '2017-03-16 16:29:38'),
(242, 101, 1, 5, 'no', '2017-03-16 16:29:41', '2017-03-16 16:29:41'),
(243, 101, 1, 4, 'yes', '2017-03-16 16:29:44', '2017-03-16 16:29:44'),
(244, 101, 1, 3, 'end', '2017-03-16 16:38:46', '2017-03-16 16:38:46'),
(245, 101, 1, 2, 'start', '2017-03-16 16:38:51', '2017-03-16 16:38:51'),
(246, 101, 1, 4, 'yes', '2017-03-16 16:38:57', '2017-03-16 16:38:57'),
(247, 101, 1, 5, 'no', '2017-03-16 16:39:01', '2017-03-16 16:39:01'),
(248, 101, 1, 4, 'yes', '2017-03-16 16:39:04', '2017-03-16 16:39:04'),
(249, 101, 1, 5, 'no', '2017-03-16 16:39:07', '2017-03-16 16:39:07'),
(250, 101, 1, 3, 'end', '2017-03-16 16:39:18', '2017-03-16 16:39:18'),
(251, 101, 1, 2, 'start', '2017-03-16 16:39:20', '2017-03-16 16:39:20'),
(252, 101, 1, 3, 'end', '2017-03-16 19:43:01', '2017-03-16 19:43:01'),
(253, 101, 1, 2, 'start', '2017-03-16 22:13:37', '2017-03-16 22:13:37'),
(254, 101, 1, 4, 'yes', '2017-03-16 22:13:51', '2017-03-16 22:13:51'),
(255, 101, 1, 3, 'end', '2017-03-16 23:02:46', '2017-03-16 23:02:46'),
(256, 101, 1, 2, 'start', '2017-03-16 23:02:52', '2017-03-16 23:02:52'),
(257, 101, 1, 4, 'yes', '2017-03-16 23:02:57', '2017-03-16 23:02:57'),
(258, 101, 1, 4, 'yes', '2017-03-16 23:03:03', '2017-03-16 23:03:03'),
(259, 101, 1, 4, 'yes', '2017-03-16 23:03:15', '2017-03-16 23:03:15'),
(260, 101, 1, 4, 'yes', '2017-03-16 23:03:31', '2017-03-16 23:03:31'),
(261, 101, 1, 4, 'yes', '2017-03-16 23:03:38', '2017-03-16 23:03:38'),
(262, 101, 1, 4, 'yes', '2017-03-16 23:04:32', '2017-03-16 23:04:32'),
(263, 101, 1, 4, 'yes', '2017-03-16 23:06:04', '2017-03-16 23:06:04'),
(264, 101, 1, 3, 'end', '2017-03-16 23:06:16', '2017-03-16 23:06:16'),
(265, 101, 1, 2, 'start', '2017-03-16 23:06:44', '2017-03-16 23:06:44'),
(266, 101, 1, 5, 'no', '2017-03-16 23:06:53', '2017-03-16 23:06:53'),
(267, 101, 1, 4, 'yes', '2017-03-16 23:07:03', '2017-03-16 23:07:03'),
(268, 101, 1, 4, 'yes', '2017-03-16 23:07:29', '2017-03-16 23:07:29'),
(269, 101, 1, 4, 'yes', '2017-03-16 23:07:36', '2017-03-16 23:07:36'),
(270, 101, 1, 4, 'yes', '2017-03-16 23:07:43', '2017-03-16 23:07:43'),
(271, 101, 1, 3, 'end', '2017-03-16 23:17:15', '2017-03-16 23:17:15'),
(272, 101, 1, 2, 'start', '2017-03-16 23:17:20', '2017-03-16 23:17:20'),
(273, 101, 1, 5, 'no', '2017-03-16 23:17:24', '2017-03-16 23:17:24'),
(274, 101, 1, 2, 'start', '2017-03-17 01:15:05', '2017-03-17 01:15:05'),
(275, 101, 1, 3, 'end', '2017-03-17 01:15:11', '2017-03-17 01:15:11'),
(276, 101, 1, 2, 'start', '2017-03-17 01:15:15', '2017-03-17 01:15:15'),
(277, 101, 1, 4, 'yes', '2017-03-17 01:15:18', '2017-03-17 01:15:18'),
(278, 101, 1, 4, 'yes', '2017-03-17 01:15:29', '2017-03-17 01:15:29'),
(279, 101, 1, 4, 'yes', '2017-03-17 01:15:46', '2017-03-17 01:15:46'),
(280, 101, 1, 3, 'end', '2017-03-17 01:38:46', '2017-03-17 01:38:46'),
(281, 101, 1, 2, 'start', '2017-03-17 01:38:58', '2017-03-17 01:38:58'),
(282, 101, 1, 4, 'yes', '2017-03-17 01:39:01', '2017-03-17 01:39:01'),
(283, 101, 1, 4, 'yes', '2017-03-17 01:39:16', '2017-03-17 01:39:16'),
(284, 101, 1, 4, 'yes', '2017-03-17 01:39:23', '2017-03-17 01:39:23'),
(285, 101, 1, 2, 'start', '2017-03-17 02:38:25', '2017-03-17 02:38:25'),
(286, 101, 1, 3, 'end', '2017-03-17 02:38:28', '2017-03-17 02:38:28'),
(287, 101, 1, 2, 'start', '2017-03-17 02:38:35', '2017-03-17 02:38:35'),
(288, 101, 1, 4, 'yes', '2017-03-17 02:38:39', '2017-03-17 02:38:39'),
(289, 101, 1, 4, 'yes', '2017-03-17 02:38:45', '2017-03-17 02:38:45'),
(290, 101, 1, 4, 'yes', '2017-03-17 02:38:58', '2017-03-17 02:38:58'),
(291, 101, 1, 5, 'no', '2017-03-17 02:39:17', '2017-03-17 02:39:17'),
(292, 101, 1, 5, 'no', '2017-03-17 02:39:31', '2017-03-17 02:39:31'),
(293, 101, 1, 4, 'yes', '2017-03-17 02:39:37', '2017-03-17 02:39:37'),
(294, 101, 1, 4, 'yes', '2017-03-17 02:39:45', '2017-03-17 02:39:45'),
(295, 101, 1, 3, 'end', '2017-03-17 03:39:43', '2017-03-17 03:39:43'),
(296, 101, 1, 2, 'start', '2017-03-17 03:40:04', '2017-03-17 03:40:04'),
(297, 101, 1, 5, 'no', '2017-03-17 03:40:08', '2017-03-17 03:40:08'),
(298, 101, 1, 5, 'no', '2017-03-17 03:49:22', '2017-03-17 03:49:22'),
(299, 101, 1, 5, 'no', '2017-03-17 03:49:34', '2017-03-17 03:49:34'),
(300, 101, 1, 4, 'yes', '2017-03-17 03:50:21', '2017-03-17 03:50:21'),
(301, 101, 1, 4, 'yes', '2017-03-17 03:50:28', '2017-03-17 03:50:28'),
(302, 101, 1, 5, 'no', '2017-03-17 03:50:35', '2017-03-17 03:50:35'),
(303, 101, 1, 5, 'no', '2017-03-17 03:50:50', '2017-03-17 03:50:50'),
(304, 101, 1, 4, 'yes', '2017-03-17 03:50:55', '2017-03-17 03:50:55'),
(305, 101, 1, 5, 'no', '2017-03-17 03:51:21', '2017-03-17 03:51:21'),
(306, 101, 1, 5, 'no', '2017-03-17 03:51:26', '2017-03-17 03:51:26'),
(307, 101, 1, 3, 'end', '2017-03-17 03:53:50', '2017-03-17 03:53:50'),
(308, 101, 1, 2, 'start', '2017-03-17 03:53:55', '2017-03-17 03:53:55'),
(309, 101, 1, 4, 'yes', '2017-03-17 03:54:01', '2017-03-17 03:54:01'),
(310, 101, 1, 5, 'no', '2017-03-17 03:54:30', '2017-03-17 03:54:30'),
(311, 101, 1, 5, 'no', '2017-03-17 03:54:37', '2017-03-17 03:54:37'),
(312, 101, 1, 4, 'yes', '2017-03-17 03:54:47', '2017-03-17 03:54:47'),
(313, 101, 1, 4, 'yes', '2017-03-17 03:55:10', '2017-03-17 03:55:10'),
(314, 101, 1, 3, 'end', '2017-03-17 13:35:40', '2017-03-17 13:35:40'),
(315, 101, 1, 2, 'start', '2017-03-17 13:35:44', '2017-03-17 13:35:44'),
(316, 101, 1, 4, 'yes', '2017-03-17 13:35:48', '2017-03-17 13:35:48'),
(317, 101, 1, 4, 'yes', '2017-03-17 13:35:49', '2017-03-17 13:35:49'),
(318, 101, 1, 4, 'yes', '2017-03-17 13:35:51', '2017-03-17 13:35:51'),
(319, 101, 1, 4, 'yes', '2017-03-17 13:35:53', '2017-03-17 13:35:53'),
(320, 101, 1, 4, 'yes', '2017-03-17 13:35:54', '2017-03-17 13:35:54'),
(321, 101, 1, 3, 'end', '2017-03-17 13:42:52', '2017-03-17 13:42:52'),
(322, 101, 1, 3, 'end', '2017-03-17 16:46:49', '2017-03-17 16:46:49'),
(323, 101, 1, 2, 'start', '2017-03-17 16:46:53', '2017-03-17 16:46:53'),
(324, 101, 1, 4, 'yes', '2017-03-17 16:46:58', '2017-03-17 16:46:58'),
(325, 101, 1, 3, 'end', '2017-03-24 19:11:59', '2017-03-24 19:11:59'),
(326, 101, 1, 2, 'start', '2017-03-24 19:12:16', '2017-03-24 19:12:16'),
(327, 101, 1, 5, 'no', '2017-03-24 19:12:25', '2017-03-24 19:12:25'),
(328, 101, 1, 3, 'end', '2017-03-24 19:12:31', '2017-03-24 19:12:31'),
(329, 101, 1, 2, 'start', '2017-03-24 19:12:39', '2017-03-24 19:12:39'),
(330, 101, 1, 5, 'no', '2017-03-24 19:12:46', '2017-03-24 19:12:46'),
(331, 101, 1, 3, 'end', '2017-03-24 19:12:55', '2017-03-24 19:12:55'),
(332, 101, 1, 2, 'start', '2017-03-24 19:12:59', '2017-03-24 19:12:59'),
(333, 101, 1, 4, 'yes', '2017-03-24 19:13:01', '2017-03-24 19:13:01'),
(334, 101, 1, 4, 'yes', '2017-03-24 19:13:04', '2017-03-24 19:13:04'),
(335, 101, 1, 5, 'no', '2017-03-24 19:13:12', '2017-03-24 19:13:12'),
(336, 101, 1, 5, 'no', '2017-03-24 19:13:17', '2017-03-24 19:13:17'),
(337, 101, 1, 3, 'end', '2017-04-08 18:25:20', '2017-04-08 18:25:20'),
(338, 101, 1, 2, 'start', '2017-04-08 18:25:28', '2017-04-08 18:25:28'),
(339, 101, 1, 4, 'Yes', '2017-04-08 18:25:34', '2017-04-08 18:25:34'),
(340, 101, 1, 3, 'end', '2017-04-08 18:41:15', '2017-04-08 18:41:15'),
(341, 101, 1, 2, 'start', '2017-04-08 18:41:21', '2017-04-08 18:41:21'),
(342, 101, 1, 3, 'end', '2017-04-08 18:42:16', '2017-04-08 18:42:16'),
(343, 101, 1, 2, 'start', '2017-04-08 18:42:20', '2017-04-08 18:42:20'),
(344, 101, 1, 4, 'Yes', '2017-04-08 18:42:23', '2017-04-08 18:42:23'),
(345, 101, 1, 3, 'end', '2017-04-26 19:57:10', '2017-04-26 19:57:10'),
(346, 101, 1, 2, 'start', '2017-04-26 19:57:27', '2017-04-26 19:57:27'),
(347, 101, 1, 4, 'yes', '2017-04-26 19:57:35', '2017-04-26 19:57:35'),
(348, 101, 1, 5, 'no', '2017-04-26 19:57:39', '2017-04-26 19:57:39'),
(349, 101, 1, 5, 'no', '2017-04-26 19:57:44', '2017-04-26 19:57:44'),
(350, 101, 1, 4, 'yes', '2017-04-26 19:57:48', '2017-04-26 19:57:48'),
(351, 101, 1, 3, 'end', '2017-04-26 21:44:54', '2017-04-26 21:44:54'),
(352, 101, 1, 2, 'start', '2017-04-26 21:44:59', '2017-04-26 21:44:59'),
(353, 101, 1, 4, 'yes', '2017-04-26 21:45:05', '2017-04-26 21:45:05'),
(354, 101, 1, 5, 'no', '2017-04-26 21:45:21', '2017-04-26 21:45:21'),
(355, 101, 1, 5, 'no', '2017-04-26 21:47:56', '2017-04-26 21:47:56'),
(356, 101, 1, 4, 'yes', '2017-04-26 21:48:13', '2017-04-26 21:48:13'),
(357, 101, 1, 3, 'end', '2017-04-26 21:51:03', '2017-04-26 21:51:03'),
(358, 101, 1, 2, 'start', '2017-04-26 21:51:10', '2017-04-26 21:51:10'),
(359, 101, 1, 4, 'yes', '2017-04-26 21:51:17', '2017-04-26 21:51:17'),
(360, 101, 1, 5, 'no', '2017-04-26 21:52:32', '2017-04-26 21:52:32'),
(361, 101, 1, 3, 'end', '2017-04-26 21:52:43', '2017-04-26 21:52:43'),
(362, 101, 1, 2, 'start', '2017-04-26 21:52:50', '2017-04-26 21:52:50'),
(363, 101, 1, 4, 'yes', '2017-04-26 21:52:56', '2017-04-26 21:52:56'),
(364, 101, 1, 3, 'end', '2017-04-26 22:08:39', '2017-04-26 22:08:39'),
(365, 101, 1, 2, 'start', '2017-04-26 22:08:44', '2017-04-26 22:08:44'),
(366, 101, 1, 4, 'yes', '2017-04-26 22:08:55', '2017-04-26 22:08:55'),
(367, 101, 1, 5, 'no', '2017-04-26 22:10:30', '2017-04-26 22:10:30'),
(368, 101, 1, 5, 'no', '2017-04-26 22:11:00', '2017-04-26 22:11:00'),
(369, 101, 1, 4, 'yes', '2017-04-26 22:15:12', '2017-04-26 22:15:12'),
(370, 1, 1, 2, 'start', '2017-05-11 21:44:18', '2017-05-11 21:44:18'),
(371, 1, 1, 3, 'end', '2017-05-11 21:44:23', '2017-05-11 21:44:23'),
(372, 1, 1, 2, 'start', '2017-05-11 21:44:28', '2017-05-11 21:44:28'),
(373, 1, 1, 4, 'yes', '2017-05-11 21:44:31', '2017-05-11 21:44:31'),
(374, 1, 1, 3, 'end', '2017-05-15 15:06:57', '2017-05-15 15:06:57'),
(375, 1, 1, 2, 'start', '2017-05-15 15:15:55', '2017-05-15 15:15:55'),
(376, 1, 1, 4, 'yes', '2017-05-15 15:16:08', '2017-05-15 15:16:08'),
(377, 1, 1, 4, 'yes', '2017-05-15 15:16:11', '2017-05-15 15:16:11'),
(378, 1, 1, 4, 'yes', '2017-05-15 15:16:26', '2017-05-15 15:16:26'),
(379, 1, 1, 4, 'yes', '2017-05-15 15:16:28', '2017-05-15 15:16:28'),
(380, 1, 1, 3, 'end', '2017-05-15 15:18:02', '2017-05-15 15:18:02'),
(381, 1, 1, 2, 'start', '2017-05-15 15:26:05', '2017-05-15 15:26:05'),
(382, 1, 1, 4, 'yes', '2017-05-15 15:26:09', '2017-05-15 15:26:09'),
(383, 1, 1, 4, 'yes', '2017-05-15 15:27:05', '2017-05-15 15:27:05'),
(384, 1, 1, 3, 'end', '2017-05-15 15:37:01', '2017-05-15 15:37:01'),
(385, 1, 1, 3, 'end', '2017-05-15 15:37:56', '2017-05-15 15:37:56'),
(386, 1, 1, 3, 'end', '2017-05-15 15:38:24', '2017-05-15 15:38:24'),
(387, 1, 1, 2, 'start', '2017-05-15 16:32:51', '2017-05-15 16:32:51'),
(388, 1, 1, 4, 'yes', '2017-05-15 16:32:55', '2017-05-15 16:32:55'),
(389, 1, 1, 4, 'yes', '2017-05-15 16:32:57', '2017-05-15 16:32:57'),
(390, 1, 1, 4, 'yes', '2017-05-15 16:33:00', '2017-05-15 16:33:00'),
(391, 1, 1, 4, 'yes', '2017-05-15 16:33:03', '2017-05-15 16:33:03'),
(392, 1, 3, 3, 'yes', '2017-05-15 16:33:03', '2017-05-15 16:33:03'),
(393, 1, 1, 3, 'end', '2017-05-15 16:34:51', '2017-05-15 16:34:51'),
(394, 1, 1, 2, 'start', '2017-05-15 16:34:59', '2017-05-15 16:34:59'),
(395, 1, 1, 2, 'start', '2017-05-15 16:35:09', '2017-05-15 16:35:09'),
(396, 1, 1, 4, 'yes', '2017-05-15 16:35:12', '2017-05-15 16:35:12'),
(397, 1, 1, 3, 'end', '2017-05-15 16:35:25', '2017-05-15 16:35:25'),
(398, 1, 1, 2, 'start', '2017-05-15 16:35:31', '2017-05-15 16:35:31'),
(399, 1, 1, 2, 'start', '2017-05-15 16:36:03', '2017-05-15 16:36:03'),
(400, 1, 1, 3, 'end', '2017-05-15 16:38:23', '2017-05-15 16:38:23'),
(401, 1, 1, 2, 'start', '2017-05-15 16:38:32', '2017-05-15 16:38:32'),
(402, 1, 1, 4, 'yes', '2017-05-15 16:38:35', '2017-05-15 16:38:35'),
(403, 1, 1, 4, 'yes', '2017-05-15 16:38:37', '2017-05-15 16:38:37'),
(404, 1, 1, 4, 'yes', '2017-05-15 16:38:38', '2017-05-15 16:38:38'),
(405, 1, 1, 4, 'yes', '2017-05-15 16:38:40', '2017-05-15 16:38:40'),
(406, 1, 3, 3, 'yes', '2017-05-15 16:38:40', '2017-05-15 16:38:40'),
(407, 1, 1, 4, 'yes', '2017-05-15 16:38:56', '2017-05-15 16:38:56'),
(408, 1, 1, 2, 'start', '2017-05-15 16:39:05', '2017-05-15 16:39:05'),
(409, 1, 1, 3, 'end', '2017-05-15 16:47:58', '2017-05-15 16:47:58'),
(410, 1, 1, 2, 'start', '2017-05-15 16:48:04', '2017-05-15 16:48:04'),
(411, 1, 1, 4, 'yes', '2017-05-15 16:48:07', '2017-05-15 16:48:07'),
(412, 1, 1, 4, 'yes', '2017-05-15 16:48:09', '2017-05-15 16:48:09'),
(413, 1, 1, 4, 'yes', '2017-05-15 16:48:11', '2017-05-15 16:48:11'),
(414, 1, 1, 4, 'yes', '2017-05-15 16:48:13', '2017-05-15 16:48:13'),
(415, 1, 3, 3, 'yes', '2017-05-15 16:48:13', '2017-05-15 16:48:13'),
(416, 1, 1, 3, 'end', '2017-05-15 16:48:19', '2017-05-15 16:48:19'),
(417, 1, 1, 3, 'end', '2017-05-15 16:48:29', '2017-05-15 16:48:29'),
(418, 1, 1, 2, 'start', '2017-05-15 16:48:39', '2017-05-15 16:48:39'),
(419, 1, 1, 3, 'end', '2017-05-15 16:48:42', '2017-05-15 16:48:42'),
(420, 1, 1, 2, 'start', '2017-05-15 16:48:48', '2017-05-15 16:48:48'),
(421, 1, 1, 2, 'start', '2017-05-15 16:48:57', '2017-05-15 16:48:57'),
(422, 1, 1, 3, 'end', '2017-05-15 16:49:03', '2017-05-15 16:49:03'),
(423, 1, 1, 2, 'start', '2017-05-15 16:50:59', '2017-05-15 16:50:59'),
(424, 1, 1, 4, 'yes', '2017-05-15 16:51:02', '2017-05-15 16:51:02'),
(425, 1, 1, 4, 'yes', '2017-05-15 16:51:04', '2017-05-15 16:51:04'),
(426, 1, 1, 4, 'yes', '2017-05-15 16:51:06', '2017-05-15 16:51:06'),
(427, 1, 1, 4, 'yes', '2017-05-15 16:51:09', '2017-05-15 16:51:09'),
(428, 1, 3, 3, 'yes', '2017-05-15 16:51:09', '2017-05-15 16:51:09'),
(429, 1, 1, 2, 'start', '2017-05-15 16:51:19', '2017-05-15 16:51:19'),
(430, 1, 1, 3, 'end', '2017-05-15 16:51:25', '2017-05-15 16:51:25'),
(431, 1, 1, 2, 'start', '2017-05-15 18:00:19', '2017-05-15 18:00:19'),
(432, 1, 1, 4, 'yes', '2017-05-15 18:00:23', '2017-05-15 18:00:23'),
(433, 1, 1, 5, 'no', '2017-05-15 18:00:28', '2017-05-15 18:00:28'),
(434, 1, 1, 4, 'yes', '2017-05-15 18:00:39', '2017-05-15 18:00:39'),
(435, 1, 1, 4, 'yes', '2017-05-15 18:00:41', '2017-05-15 18:00:41'),
(436, 1, 3, 3, 'yes', '2017-05-15 18:00:41', '2017-05-15 18:00:41'),
(437, 1, 1, 2, 'start', '2017-05-15 18:02:20', '2017-05-15 18:02:20'),
(438, 1, 1, 4, 'yes', '2017-05-15 18:02:24', '2017-05-15 18:02:24'),
(439, 1, 1, 5, 'no', '2017-05-15 18:02:26', '2017-05-15 18:02:26'),
(440, 1, 1, 5, 'no', '2017-05-15 18:02:28', '2017-05-15 18:02:28'),
(441, 1, 1, 4, 'yes', '2017-05-15 18:02:31', '2017-05-15 18:02:31'),
(442, 1, 3, 3, 'yes', '2017-05-15 18:02:31', '2017-05-15 18:02:31'),
(443, 1, 1, 3, 'end', '2017-05-15 19:53:08', '2017-05-15 19:53:08'),
(444, 1, 1, 2, 'start', '2017-05-15 20:50:41', '2017-05-15 20:50:41'),
(445, 1, 1, 5, 'no', '2017-05-15 20:50:44', '2017-05-15 20:50:44'),
(446, 1, 3, 3, 'no', '2017-05-15 20:50:44', '2017-05-15 20:50:44'),
(447, 1, 1, 2, 'start', '2017-05-15 20:51:03', '2017-05-15 20:51:03'),
(448, 1, 1, 5, 'no', '2017-05-15 20:51:10', '2017-05-15 20:51:10'),
(449, 1, 3, 3, 'no', '2017-05-15 20:51:10', '2017-05-15 20:51:10'),
(450, 1, 1, 2, 'start', '2017-05-15 20:56:43', '2017-05-15 20:56:43'),
(451, 1, 1, 5, 'no', '2017-05-15 20:56:46', '2017-05-15 20:56:46'),
(452, 1, 3, 3, 'no', '2017-05-15 20:56:46', '2017-05-15 20:56:46'),
(453, 1, 1, 2, 'start', '2017-05-15 20:59:06', '2017-05-15 20:59:06'),
(454, 1, 1, 5, 'no', '2017-05-15 20:59:12', '2017-05-15 20:59:12'),
(455, 1, 3, 3, 'no', '2017-05-15 20:59:12', '2017-05-15 20:59:12'),
(456, 1, 1, 2, 'start', '2017-05-15 21:02:13', '2017-05-15 21:02:13'),
(457, 1, 1, 5, 'no', '2017-05-15 21:02:16', '2017-05-15 21:02:16'),
(458, 1, 3, 3, 'no', '2017-05-15 21:02:16', '2017-05-15 21:02:16');

-- --------------------------------------------------------

--
-- Table structure for table `message`
--

CREATE TABLE `message` (
  `id` int(10) UNSIGNED NOT NULL,
  `text` varchar(300) DEFAULT NULL,
  `bot` varchar(300) DEFAULT NULL,
  `createdAt` datetime DEFAULT NULL,
  `updatedAt` datetime DEFAULT NULL
) ENGINE=InnoDB DEFAULT CHARSET=utf8;

-- --------------------------------------------------------

--
-- Table structure for table `person`
--

CREATE TABLE `person` (
  `id` int(10) UNSIGNED NOT NULL,
  `createdAt` datetime DEFAULT NULL,
  `updatedAt` datetime DEFAULT NULL
) ENGINE=InnoDB DEFAULT CHARSET=utf8;

-- --------------------------------------------------------

--
-- Table structure for table `preference_mock`
--

CREATE TABLE `preference_mock` (
  `id` int(10) UNSIGNED NOT NULL,
  `spot_name` varchar(100) DEFAULT NULL,
  `temple` int(11) DEFAULT NULL,
  `natural` int(11) DEFAULT NULL,
  `history` int(11) DEFAULT NULL,
  `lake` int(11) DEFAULT NULL,
  `castle` int(11) DEFAULT NULL,
  `museum` int(11) DEFAULT NULL,
  `market` int(11) DEFAULT NULL,
  `mountain` int(11) DEFAULT NULL,
  `train` int(11) DEFAULT NULL,
  `seichi` int(11) DEFAULT NULL,
  `createdAt` datetime DEFAULT NULL,
  `updatedAt` datetime DEFAULT NULL
) ENGINE=InnoDB DEFAULT CHARSET=utf8;

--
-- Dumping data for table `preference_mock`
--

INSERT INTO `preference_mock` (`id`, `spot_name`, `temple`, `natural`, `history`, `lake`, `castle`, `museum`, `market`, `mountain`, `train`, `seichi`, `createdAt`, `updatedAt`) VALUES
(1, 'Biwako Lake', 0, 0, 0, 0, 0, 0, 1, 1, 1, 0, NULL, NULL),
(2, 'Otsu City Science Museum', 1, 0, 0, 0, 0, 0, 1, 0, 0, 1, NULL, NULL),
(3, 'Ishiyama Temple', 1, 0, 1, 1, 0, 1, 1, 1, 0, 0, NULL, NULL),
(4, 'Bangunharja', 1, 0, 1, 1, 0, 1, 1, 1, 1, 1, NULL, NULL),
(5, 'Kalasin', 0, 1, 0, 1, 0, 1, 1, 1, 1, 1, NULL, NULL),
(6, 'Zhangdan', 1, 0, 0, 1, 0, 0, 1, 1, 0, 0, NULL, NULL),
(7, 'Annecy', 1, 1, 1, 1, 1, 0, 0, 1, 0, 1, NULL, NULL),
(8, 'Baiqi', 1, 0, 0, 0, 1, 0, 1, 0, 1, 1, NULL, NULL),
(9, 'Nyanga', 0, 1, 1, 0, 0, 1, 0, 1, 0, 0, NULL, NULL),
(10, 'Chengbei', 0, 1, 1, 1, 0, 0, 0, 0, 1, 1, NULL, NULL),
(11, 'Telsen', 0, 1, 0, 1, 1, 0, 0, 1, 0, 1, NULL, NULL),
(12, 'Gaoqiao', 1, 0, 1, 1, 0, 0, 1, 1, 1, 0, NULL, NULL),
(13, 'Onueke', 1, 0, 1, 0, 0, 0, 0, 0, 1, 0, NULL, NULL),
(14, 'Paruro', 0, 1, 1, 0, 1, 1, 0, 1, 1, 1, NULL, NULL),
(15, 'Zeqin', 1, 1, 0, 0, 1, 1, 0, 1, 0, 0, NULL, NULL),
(16, 'Cantilan', 0, 1, 0, 1, 1, 1, 1, 0, 1, 0, NULL, NULL),
(17, 'Jaboatão dos Guararapes', 1, 0, 0, 0, 1, 1, 1, 1, 1, 0, NULL, NULL),
(18, 'Reims', 1, 0, 1, 0, 0, 0, 1, 1, 1, 0, NULL, NULL),
(19, 'Sikka', 1, 0, 1, 1, 1, 1, 0, 0, 1, 0, NULL, NULL),
(20, 'Heshi', 1, 1, 0, 1, 0, 0, 1, 1, 1, 1, NULL, NULL),
(21, 'Kertapura', 1, 1, 1, 0, 0, 0, 0, 0, 1, 0, NULL, NULL),
(22, 'Gaozhai', 0, 0, 0, 1, 1, 1, 1, 0, 0, 1, NULL, NULL),
(23, 'Landázuri', 1, 0, 1, 0, 1, 1, 0, 0, 0, 1, NULL, NULL),
(24, 'Tomaszów Lubelski', 1, 1, 0, 1, 0, 1, 1, 1, 0, 0, NULL, NULL),
(25, 'Onomichi', 1, 1, 0, 0, 1, 0, 0, 1, 1, 0, NULL, NULL),
(26, 'Torrevieja', 1, 0, 0, 0, 0, 0, 1, 0, 1, 0, NULL, NULL),
(27, 'Al Khārijah', 0, 1, 0, 0, 1, 0, 0, 1, 1, 1, NULL, NULL),
(28, 'Sungailiat', 1, 0, 1, 0, 0, 0, 0, 1, 0, 1, NULL, NULL),
(29, 'Pacasmayo', 1, 1, 0, 1, 1, 1, 0, 1, 0, 0, NULL, NULL),
(30, 'Viitasaari', 1, 1, 0, 1, 0, 0, 0, 1, 1, 1, NULL, NULL),
(31, 'Jandaia do Sul', 0, 1, 1, 1, 1, 0, 1, 0, 1, 1, NULL, NULL),
(32, 'Aheloy', 0, 1, 1, 0, 0, 1, 0, 0, 0, 0, NULL, NULL),
(33, 'Coronda', 1, 0, 0, 1, 0, 1, 1, 0, 1, 1, NULL, NULL),
(34, 'Prince Edward', 1, 0, 0, 0, 1, 1, 1, 0, 0, 1, NULL, NULL),
(35, 'Banjar Sebual', 0, 0, 0, 1, 1, 0, 1, 1, 1, 0, NULL, NULL),
(36, 'San Andrés', 1, 1, 0, 0, 0, 1, 1, 1, 0, 1, NULL, NULL),
(37, 'Shangrao', 1, 1, 0, 0, 0, 0, 1, 0, 0, 0, NULL, NULL),
(38, 'Burla', 1, 1, 1, 1, 0, 0, 1, 0, 1, 1, NULL, NULL),
(39, 'Mutā Khān', 1, 0, 1, 1, 1, 1, 0, 0, 0, 0, NULL, NULL),
(40, 'Baiquan', 1, 1, 0, 1, 1, 1, 0, 0, 0, 0, NULL, NULL),
(41, 'Yangba', 1, 0, 0, 0, 0, 0, 1, 0, 1, 0, NULL, NULL),
(42, 'Boise', 1, 0, 1, 0, 1, 0, 1, 0, 1, 0, NULL, NULL),
(43, 'Salinópolis', 0, 1, 1, 0, 1, 1, 0, 1, 0, 0, NULL, NULL),
(44, 'Kinnegad', 1, 1, 0, 1, 1, 1, 0, 0, 1, 1, NULL, NULL),
(45, 'El Banco', 1, 0, 0, 1, 1, 0, 1, 1, 1, 0, NULL, NULL),
(46, 'Zoumaling', 1, 0, 0, 0, 1, 0, 1, 0, 0, 0, NULL, NULL),
(47, 'Bungbulang', 0, 1, 0, 0, 1, 1, 0, 1, 0, 0, NULL, NULL),
(48, 'Balungao', 0, 1, 0, 0, 0, 1, 1, 0, 1, 0, NULL, NULL),
(49, 'Alor Setar', 1, 1, 0, 1, 1, 0, 0, 1, 1, 1, NULL, NULL),
(50, 'Saijō', 1, 0, 1, 1, 0, 0, 0, 1, 1, 1, NULL, NULL),
(51, 'Ibara', 0, 1, 1, 1, 0, 1, 1, 0, 0, 1, NULL, NULL),
(52, 'Luotaping', 0, 1, 0, 1, 0, 0, 0, 0, 0, 0, NULL, NULL),
(53, 'Huamali', 0, 1, 0, 0, 1, 1, 0, 1, 0, 0, NULL, NULL),
(54, 'Río Tercero', 1, 0, 1, 1, 0, 0, 1, 1, 1, 0, NULL, NULL),
(55, 'Bouabout', 1, 1, 0, 0, 1, 1, 1, 1, 1, 0, NULL, NULL),
(56, 'Maardu', 0, 1, 1, 0, 1, 0, 0, 1, 1, 0, NULL, NULL),
(57, 'Cerro Punta', 0, 1, 1, 0, 0, 1, 0, 1, 1, 0, NULL, NULL),
(58, 'Sara Kunda', 1, 1, 1, 0, 0, 0, 1, 1, 1, 0, NULL, NULL),
(59, 'Ulaan-Uul', 0, 0, 1, 1, 1, 0, 1, 0, 1, 1, NULL, NULL),
(60, 'Durrës', 0, 1, 1, 0, 0, 1, 1, 0, 0, 1, NULL, NULL),
(61, 'Gunungmenang', 0, 0, 0, 0, 1, 0, 1, 0, 1, 1, NULL, NULL),
(62, 'Louisville', 1, 1, 1, 0, 1, 0, 1, 1, 0, 0, NULL, NULL),
(63, 'Białogard', 0, 0, 0, 1, 1, 1, 0, 1, 1, 0, NULL, NULL),
(64, 'Villa Hayes', 1, 1, 0, 0, 1, 0, 0, 1, 0, 1, NULL, NULL),
(65, 'Saḩāb', 0, 0, 1, 1, 1, 1, 1, 1, 1, 1, NULL, NULL),
(66, 'La Falda', 1, 0, 0, 1, 1, 1, 1, 1, 0, 0, NULL, NULL),
(67, 'Pont-Rouge', 1, 1, 1, 1, 0, 1, 0, 0, 0, 1, NULL, NULL),
(68, 'Cikawung', 0, 1, 0, 0, 1, 1, 1, 1, 1, 1, NULL, NULL),
(69, 'Káto Nevrokópi', 1, 1, 0, 0, 0, 1, 0, 1, 1, 1, NULL, NULL),
(70, 'La Francia', 1, 1, 0, 1, 1, 1, 1, 1, 1, 1, NULL, NULL),
(71, 'Fushan', 1, 1, 1, 1, 0, 0, 0, 0, 1, 0, NULL, NULL),
(72, 'Luoshanchuan', 0, 1, 0, 1, 0, 1, 0, 1, 0, 0, NULL, NULL),
(73, 'Guandukou', 0, 1, 1, 0, 1, 0, 1, 0, 1, 0, NULL, NULL),
(74, 'Shakhty', 0, 1, 1, 0, 0, 1, 1, 1, 1, 0, NULL, NULL),
(75, 'Paris 19', 1, 1, 0, 0, 0, 1, 0, 1, 0, 0, NULL, NULL),
(76, 'Avallon', 0, 0, 1, 1, 0, 0, 0, 1, 1, 0, NULL, NULL),
(77, 'Sanming', 1, 0, 0, 1, 0, 1, 0, 1, 0, 0, NULL, NULL),
(78, 'Picton', 0, 1, 0, 1, 0, 0, 1, 0, 1, 0, NULL, NULL),
(79, 'Krajan Bejagung', 1, 0, 0, 0, 1, 0, 0, 1, 1, 1, NULL, NULL),
(80, 'Currais Novos', 1, 0, 1, 1, 1, 1, 1, 0, 0, 0, NULL, NULL),
(81, 'Heshan', 0, 0, 0, 0, 1, 0, 0, 0, 0, 0, NULL, NULL),
(82, 'Shuinan', 1, 0, 0, 0, 0, 1, 0, 1, 0, 1, NULL, NULL),
(83, 'Dongdong', 1, 1, 1, 0, 0, 0, 0, 1, 1, 0, NULL, NULL),
(84, 'Khoroshëvo-Mnevniki', 1, 1, 0, 0, 0, 0, 1, 1, 1, 0, NULL, NULL),
(85, 'Santa Teresa', 1, 0, 0, 0, 1, 0, 0, 0, 1, 1, NULL, NULL),
(86, 'Manabo', 0, 1, 0, 0, 0, 0, 1, 1, 1, 1, NULL, NULL),
(87, 'Veliki Grđevac', 1, 0, 1, 1, 1, 1, 0, 0, 0, 0, NULL, NULL),
(88, 'Västervik', 0, 1, 0, 0, 0, 0, 0, 0, 1, 0, NULL, NULL),
(89, 'Lunyuk Ode', 1, 0, 0, 0, 1, 1, 1, 0, 0, 0, NULL, NULL),
(90, 'Pu’er', 1, 1, 0, 0, 0, 0, 1, 0, 0, 1, NULL, NULL),
(91, 'Şuwayr', 1, 0, 1, 1, 1, 1, 0, 0, 0, 0, NULL, NULL),
(92, 'Tsovazard', 1, 0, 1, 0, 0, 0, 0, 0, 1, 0, NULL, NULL),
(93, 'Sukawaris', 0, 0, 1, 1, 1, 1, 0, 0, 0, 0, NULL, NULL),
(94, 'Kruševo', 1, 0, 1, 1, 1, 1, 1, 0, 0, 0, NULL, NULL),
(95, 'Sampungu', 0, 0, 1, 1, 1, 0, 1, 1, 1, 1, NULL, NULL),
(96, 'Amaraji', 1, 1, 0, 1, 1, 1, 0, 0, 1, 0, NULL, NULL),
(97, 'Lipno', 1, 1, 1, 0, 1, 1, 0, 0, 0, 1, NULL, NULL),
(98, 'Mporokoso', 0, 0, 0, 0, 0, 0, 1, 0, 1, 1, NULL, NULL),
(99, 'Tsaratanana', 1, 0, 1, 1, 1, 0, 0, 0, 0, 1, NULL, NULL),
(100, 'Weichanglu', 1, 0, 1, 1, 1, 1, 0, 0, 1, 0, NULL, NULL),
(101, 'Sangtian', 0, 0, 1, 1, 0, 0, 1, 1, 0, 0, NULL, NULL),
(102, 'Pangkajene', 0, 1, 0, 1, 0, 0, 0, 1, 1, 0, NULL, NULL),
(103, 'Panan', 1, 1, 1, 0, 1, 0, 0, 0, 1, 1, NULL, NULL),
(104, 'Tunasbaru', 0, 0, 0, 0, 0, 0, 0, 0, 1, 0, NULL, NULL),
(105, 'Huangben', 1, 1, 0, 0, 1, 0, 1, 1, 0, 1, NULL, NULL),
(106, 'Patambuco', 1, 0, 0, 0, 1, 0, 1, 0, 1, 0, NULL, NULL),
(107, 'Malanów', 0, 1, 0, 0, 0, 1, 1, 0, 1, 0, NULL, NULL),
(108, 'São Pedro', 1, 1, 1, 0, 0, 1, 1, 1, 0, 0, NULL, NULL),
(109, 'Sidrolândia', 1, 0, 0, 0, 1, 1, 1, 1, 0, 1, NULL, NULL),
(110, 'Shima', 1, 1, 0, 0, 0, 0, 0, 1, 0, 1, NULL, NULL),
(111, 'Pakxé', 1, 1, 0, 0, 1, 1, 1, 1, 0, 1, NULL, NULL),
(112, 'Ponggok', 0, 0, 0, 1, 0, 0, 0, 0, 0, 0, NULL, NULL),
(113, 'Semeljci', 1, 0, 1, 0, 1, 0, 0, 1, 1, 0, NULL, NULL),
(114, 'Tumu', 1, 0, 0, 1, 0, 1, 1, 1, 1, 0, NULL, NULL),
(115, 'Tala', 1, 1, 0, 0, 0, 0, 0, 1, 0, 0, NULL, NULL),
(116, 'Zhoutou', 1, 0, 0, 0, 0, 0, 1, 1, 0, 1, NULL, NULL),
(117, 'Wang Sai Phun', 1, 0, 1, 0, 1, 1, 1, 0, 0, 0, NULL, NULL),
(118, 'Yulin', 0, 0, 1, 0, 1, 0, 0, 0, 0, 0, NULL, NULL),
(119, 'Haninge', 1, 1, 1, 0, 0, 0, 0, 1, 0, 0, NULL, NULL),
(120, 'Wonopringgo', 0, 0, 0, 0, 0, 1, 0, 0, 1, 1, NULL, NULL),
(121, 'Zhaolingpu', 0, 1, 1, 0, 1, 1, 0, 1, 0, 1, NULL, NULL),
(122, 'Liyang', 1, 0, 0, 0, 0, 1, 1, 0, 0, 1, NULL, NULL),
(123, 'Opechenskiy Posad', 0, 0, 0, 0, 1, 1, 0, 1, 0, 1, NULL, NULL),
(124, 'Dasiping', 1, 0, 1, 0, 1, 1, 0, 1, 0, 1, NULL, NULL),
(125, 'Gaillac', 1, 1, 1, 1, 1, 1, 1, 1, 1, 1, NULL, NULL),
(126, 'Khoa', 1, 0, 1, 0, 1, 0, 1, 0, 1, 1, NULL, NULL),
(127, 'Lagkadás', 0, 0, 0, 1, 1, 1, 1, 1, 0, 0, NULL, NULL),
(128, 'Ibiporã', 0, 0, 1, 1, 0, 1, 1, 0, 1, 0, NULL, NULL),
(129, 'Grahamstown', 0, 0, 1, 1, 1, 0, 1, 0, 1, 1, NULL, NULL),
(130, 'Paltamo', 1, 1, 0, 1, 0, 0, 1, 1, 1, 0, NULL, NULL),
(131, 'Vrachnaíika', 0, 0, 0, 1, 1, 0, 1, 0, 0, 1, NULL, NULL),
(132, 'Sumbersewu', 0, 0, 1, 1, 0, 1, 1, 1, 1, 1, NULL, NULL),
(133, 'Vom', 0, 0, 1, 0, 1, 1, 1, 1, 1, 0, NULL, NULL),
(134, 'Marādah', 0, 1, 1, 0, 1, 0, 1, 0, 1, 0, NULL, NULL),
(135, 'Qi’an', 1, 0, 0, 1, 0, 0, 0, 1, 0, 1, NULL, NULL),
(136, 'Guadalupe', 1, 0, 0, 0, 1, 1, 0, 0, 1, 0, NULL, NULL),
(137, 'Aix-en-Provence', 1, 0, 1, 1, 0, 1, 1, 1, 0, 0, NULL, NULL),
(138, 'San Sebastian', 0, 0, 0, 0, 0, 1, 1, 1, 0, 1, NULL, NULL),
(139, 'Goiás', 1, 0, 0, 1, 1, 0, 0, 1, 1, 1, NULL, NULL),
(140, 'Harnoli', 0, 1, 0, 1, 0, 0, 1, 0, 1, 1, NULL, NULL),
(141, 'Kedungwringin', 0, 0, 0, 0, 0, 0, 1, 0, 1, 0, NULL, NULL),
(142, 'Cluses', 0, 1, 0, 1, 0, 1, 0, 0, 0, 1, NULL, NULL),
(143, 'Qingzhou', 0, 0, 0, 1, 0, 1, 1, 1, 0, 0, NULL, NULL),
(144, 'Kumba', 0, 0, 1, 1, 0, 0, 0, 1, 1, 0, NULL, NULL),
(145, 'Carbajales', 1, 1, 1, 1, 0, 1, 0, 1, 1, 1, NULL, NULL),
(146, 'Cantao-an', 1, 0, 1, 0, 1, 1, 1, 1, 1, 0, NULL, NULL),
(147, 'Bua Yai', 1, 0, 1, 1, 0, 1, 0, 1, 0, 0, NULL, NULL),
(148, 'Zhapu', 0, 0, 0, 0, 1, 0, 1, 1, 1, 1, NULL, NULL),
(149, 'Azor', 0, 1, 0, 0, 1, 0, 0, 1, 0, 1, NULL, NULL),
(150, 'Hema', 1, 1, 1, 1, 1, 0, 1, 1, 1, 0, NULL, NULL),
(151, 'Göteborg', 0, 1, 1, 1, 1, 1, 1, 0, 1, 0, NULL, NULL),
(152, 'Lidingö', 0, 1, 1, 0, 1, 0, 1, 1, 0, 0, NULL, NULL),
(153, 'Duas Igrejas', 0, 0, 0, 1, 1, 1, 1, 0, 0, 0, NULL, NULL),
(154, 'Ndofane', 1, 0, 0, 0, 0, 0, 0, 1, 1, 0, NULL, NULL),
(155, 'Parkent', 0, 1, 1, 0, 1, 1, 1, 0, 1, 0, NULL, NULL),
(156, 'Langtang', 0, 1, 1, 0, 0, 0, 0, 0, 1, 0, NULL, NULL),
(157, 'Rouen', 1, 0, 1, 0, 1, 0, 1, 0, 1, 0, NULL, NULL),
(158, 'Abū Tīj', 1, 0, 0, 0, 0, 0, 0, 1, 0, 0, NULL, NULL),
(159, 'Monte Carmelo', 1, 0, 1, 1, 0, 0, 1, 0, 1, 1, NULL, NULL),
(160, 'Huikou', 1, 0, 0, 1, 1, 1, 1, 1, 1, 1, NULL, NULL),
(161, 'Oliver', 1, 0, 0, 0, 1, 1, 1, 1, 1, 0, NULL, NULL),
(162, 'Dongling', 0, 0, 0, 0, 0, 0, 1, 1, 0, 1, NULL, NULL),
(163, 'Polyarnyy', 1, 1, 1, 1, 0, 0, 1, 1, 1, 1, NULL, NULL),
(164, 'Wanzhi', 1, 0, 0, 0, 0, 0, 0, 1, 1, 1, NULL, NULL),
(165, 'De la Paz', 0, 1, 0, 0, 1, 1, 1, 0, 1, 1, NULL, NULL),
(166, 'Bom Sucesso', 1, 0, 1, 0, 0, 0, 1, 1, 1, 1, NULL, NULL),
(167, 'Sīnah', 0, 1, 1, 1, 1, 1, 1, 1, 1, 0, NULL, NULL),
(168, 'Sydney', 1, 0, 0, 0, 0, 1, 1, 1, 1, 0, NULL, NULL),
(169, 'Yerevan', 0, 1, 1, 0, 1, 0, 1, 0, 1, 1, NULL, NULL),
(170, 'Miyakonojō', 1, 1, 0, 1, 1, 1, 1, 1, 1, 1, NULL, NULL),
(171, 'Konibodom', 1, 1, 1, 0, 0, 1, 0, 0, 1, 0, NULL, NULL),
(172, 'San Pedro Ayampuc', 0, 0, 0, 0, 0, 0, 0, 1, 1, 1, NULL, NULL),
(173, 'Tiaodeng', 1, 1, 0, 1, 0, 1, 0, 1, 0, 1, NULL, NULL),
(174, 'Koszarawa', 0, 1, 1, 0, 1, 1, 0, 0, 1, 1, NULL, NULL),
(175, 'Ōhara', 1, 0, 0, 0, 1, 1, 0, 0, 0, 0, NULL, NULL),
(176, 'Wang Nam Yen', 0, 0, 1, 0, 1, 1, 0, 1, 1, 1, NULL, NULL),
(177, 'Eman', 1, 0, 1, 0, 0, 0, 1, 1, 0, 1, NULL, NULL),
(178, 'Lanyi', 1, 0, 1, 0, 0, 0, 0, 1, 0, 0, NULL, NULL),
(179, 'Lobão', 0, 1, 0, 0, 1, 0, 1, 0, 1, 0, NULL, NULL),
(180, 'Télimélé', 0, 1, 1, 1, 1, 1, 0, 1, 0, 1, NULL, NULL),
(181, 'Xianan', 0, 1, 1, 1, 0, 0, 0, 1, 0, 1, NULL, NULL),
(182, 'Amnat Charoen', 1, 0, 0, 0, 1, 0, 0, 0, 1, 1, NULL, NULL),
(183, 'Majunying', 1, 1, 0, 1, 1, 0, 1, 0, 1, 1, NULL, NULL);

-- --------------------------------------------------------

--
-- Table structure for table `rate`
--

CREATE TABLE `rate` (
  `id` int(10) UNSIGNED NOT NULL,
  `spot_name` varchar(100) DEFAULT NULL,
  `score` int(11) DEFAULT NULL,
  `tag` varchar(100) DEFAULT NULL,
  `createdAt` datetime DEFAULT NULL,
  `updatedAt` datetime DEFAULT NULL
) ENGINE=InnoDB DEFAULT CHARSET=utf8;

-- --------------------------------------------------------

--
-- Table structure for table `room`
--

CREATE TABLE `room` (
  `status` varchar(100) DEFAULT NULL,
  `id` int(10) UNSIGNED NOT NULL,
  `createdAt` datetime DEFAULT NULL,
  `updatedAt` datetime DEFAULT NULL
) ENGINE=InnoDB DEFAULT CHARSET=utf8;

-- --------------------------------------------------------

--
-- Table structure for table `spot`
--

CREATE TABLE `spot` (
  `spot_id` int(10) UNSIGNED NOT NULL,
  `spot_name` varchar(100) DEFAULT NULL,
  `createdAt` datetime DEFAULT NULL,
  `updatedAt` datetime DEFAULT NULL
) ENGINE=InnoDB DEFAULT CHARSET=utf8;

--
-- Dumping data for table `spot`
--

INSERT INTO `spot` (`spot_id`, `spot_name`, `createdAt`, `updatedAt`) VALUES
(1, 'ミシガンクルーズ', NULL, NULL),
(2, '草津宿本陣', NULL, NULL),
(3, '水茎焼陶芸の里', NULL, NULL),
(4, '忍術村', NULL, NULL),
(5, 'びわこ花噴水', NULL, NULL),
(6, '安土城跡', NULL, NULL),
(7, '近江八幡和船観光協同組合', NULL, NULL),
(8, '石山寺', NULL, NULL),
(9, '安土城天主 信長の館', NULL, NULL),
(10, '醒井宿', NULL, NULL),
(11, '彦根城', NULL, NULL),
(12, 'MIHO MUSEUM', NULL, NULL),
(13, '黒壁スクエア', NULL, NULL),
(14, '比叡山延暦寺', NULL, NULL),
(15, '琵琶湖', NULL, NULL),
(16, '竹生島', NULL, NULL),
(17, '園城寺', NULL, NULL),
(18, '水口城', NULL, NULL),
(19, '八幡堀', NULL, NULL),
(20, '豊公園', NULL, NULL),
(21, '八幡山城', NULL, NULL),
(22, '箱館山スキー場', NULL, NULL),
(23, '奥伊吹スキー場', NULL, NULL),
(24, '矢橋帰帆島公園', NULL, NULL),
(25, 'メタセコイア並木', NULL, NULL),
(26, '海洋堂フィギュアミュージアム黒壁', NULL, NULL),
(27, '宝厳寺', NULL, NULL),
(28, '滋賀県希望が丘文化公園', NULL, NULL),
(29, '瀬田の唐橋', NULL, NULL),
(30, '比叡山ドライブウェイ', NULL, NULL),
(31, '矢橋帰帆島公園', NULL, NULL),
(32, 'イオンモール草津', NULL, NULL),
(33, 'びわ湖バレイ', NULL, NULL),
(34, 'たぬき村', NULL, NULL),
(35, '豊郷小学校', NULL, NULL),
(36, '金剛輪寺', NULL, NULL),
(37, 'キリンビール(株)滋賀工場', NULL, NULL),
(38, 'ひこねスカイアドベンチャー', NULL, NULL),
(39, '長浜城', NULL, NULL),
(40, 'ヤンマーミュージアム', NULL, NULL),
(41, '琵琶湖博物館', NULL, NULL),
(42, '木之本地蔵院', NULL, NULL),
(43, '伊吹山ドライブウェイ', NULL, NULL),
(44, '賤ヶ岳古戦場', NULL, NULL),
(45, '立木神社', NULL, NULL),
(46, '水生植物公園みずの森', NULL, NULL);

-- --------------------------------------------------------

--
-- Table structure for table `state`
--

CREATE TABLE `state` (
  `state_id` int(10) UNSIGNED NOT NULL,
  `state_name` varchar(500) DEFAULT NULL,
  `createdAt` datetime DEFAULT NULL,
  `updatedAt` datetime DEFAULT NULL
) ENGINE=InnoDB DEFAULT CHARSET=utf8;

--
-- Dumping data for table `state`
--

INSERT INTO `state` (`state_id`, `state_name`, `createdAt`, `updatedAt`) VALUES
(1, 'ShortConversation', NULL, NULL),
(2, 'StartConversation', NULL, NULL),
(3, 'MiddleConversation ', NULL, NULL),
(4, 'EndConversation', NULL, NULL);

-- --------------------------------------------------------

--
-- Table structure for table `test`
--

CREATE TABLE `test` (
  `name` varchar(255) DEFAULT NULL,
  `email` varchar(255) DEFAULT NULL,
  `id` int(10) UNSIGNED NOT NULL,
  `createdAt` datetime DEFAULT NULL,
  `updatedAt` datetime DEFAULT NULL
) ENGINE=InnoDB DEFAULT CHARSET=utf8;

-- --------------------------------------------------------

--
-- Table structure for table `text`
--

CREATE TABLE `text` (
  `id` int(10) UNSIGNED NOT NULL,
  `text` varchar(300) DEFAULT NULL,
  `bot` varchar(300) DEFAULT NULL,
  `createdAt` datetime DEFAULT NULL,
  `updatedAt` datetime DEFAULT NULL
) ENGINE=InnoDB DEFAULT CHARSET=utf8;

--
-- Dumping data for table `text`
--

INSERT INTO `text` (`id`, `text`, `bot`, `createdAt`, `updatedAt`) VALUES
(9, 'ss', 'not understand', '2016-06-27 21:56:12', '2016-06-27 21:56:12'),
(10, 'Hello', 'Good Morning', '2016-06-27 21:56:16', '2016-06-27 21:56:16');

-- --------------------------------------------------------

--
-- Table structure for table `user`
--

CREATE TABLE `user` (
  `user_id` int(10) UNSIGNED NOT NULL,
  `username` varchar(200) DEFAULT NULL,
  `password` varchar(200) DEFAULT NULL,
  `email` varchar(255) DEFAULT NULL,
  `createdAt` datetime DEFAULT NULL,
  `updatedAt` datetime DEFAULT NULL
) ENGINE=InnoDB DEFAULT CHARSET=utf8;

--
-- Dumping data for table `user`
--

INSERT INTO `user` (`user_id`, `username`, `password`, `email`, `createdAt`, `updatedAt`) VALUES
(1, 'endopasmic', '00236263', NULL, NULL, NULL);

--
-- Indexes for dumped tables
--

--
-- Indexes for table `article`
--
ALTER TABLE `article`
  ADD PRIMARY KEY (`article_id`);

--
-- Indexes for table `chat`
--
ALTER TABLE `chat`
  ADD PRIMARY KEY (`id`);

--
-- Indexes for table `component`
--
ALTER TABLE `component`
  ADD PRIMARY KEY (`component_id`);

--
-- Indexes for table `conversation`
--
ALTER TABLE `conversation`
  ADD PRIMARY KEY (`conversation_id`);

--
-- Indexes for table `conversation2`
--
ALTER TABLE `conversation2`
  ADD PRIMARY KEY (`conversation_id`);

--
-- Indexes for table `debug`
--
ALTER TABLE `debug`
  ADD PRIMARY KEY (`id`);

--
-- Indexes for table `feedback`
--
ALTER TABLE `feedback`
  ADD PRIMARY KEY (`feedback_id`);

--
-- Indexes for table `label`
--
ALTER TABLE `label`
  ADD PRIMARY KEY (`label_id`);

--
-- Indexes for table `log`
--
ALTER TABLE `log`
  ADD PRIMARY KEY (`log_id`);

--
-- Indexes for table `message`
--
ALTER TABLE `message`
  ADD PRIMARY KEY (`id`);

--
-- Indexes for table `person`
--
ALTER TABLE `person`
  ADD PRIMARY KEY (`id`);

--
-- Indexes for table `preference_mock`
--
ALTER TABLE `preference_mock`
  ADD PRIMARY KEY (`id`);

--
-- Indexes for table `rate`
--
ALTER TABLE `rate`
  ADD PRIMARY KEY (`id`);

--
-- Indexes for table `room`
--
ALTER TABLE `room`
  ADD PRIMARY KEY (`id`);

--
-- Indexes for table `spot`
--
ALTER TABLE `spot`
  ADD PRIMARY KEY (`spot_id`);

--
-- Indexes for table `state`
--
ALTER TABLE `state`
  ADD PRIMARY KEY (`state_id`);

--
-- Indexes for table `test`
--
ALTER TABLE `test`
  ADD PRIMARY KEY (`id`);

--
-- Indexes for table `text`
--
ALTER TABLE `text`
  ADD PRIMARY KEY (`id`);

--
-- Indexes for table `user`
--
ALTER TABLE `user`
  ADD PRIMARY KEY (`user_id`);

--
-- AUTO_INCREMENT for dumped tables
--

--
-- AUTO_INCREMENT for table `article`
--
ALTER TABLE `article`
  MODIFY `article_id` int(10) UNSIGNED NOT NULL AUTO_INCREMENT, AUTO_INCREMENT=14;
--
-- AUTO_INCREMENT for table `chat`
--
ALTER TABLE `chat`
  MODIFY `id` int(10) UNSIGNED NOT NULL AUTO_INCREMENT;
--
-- AUTO_INCREMENT for table `component`
--
ALTER TABLE `component`
  MODIFY `component_id` int(10) UNSIGNED NOT NULL AUTO_INCREMENT, AUTO_INCREMENT=8;
--
-- AUTO_INCREMENT for table `conversation`
--
ALTER TABLE `conversation`
  MODIFY `conversation_id` int(10) UNSIGNED NOT NULL AUTO_INCREMENT, AUTO_INCREMENT=6;
--
-- AUTO_INCREMENT for table `conversation2`
--
ALTER TABLE `conversation2`
  MODIFY `conversation_id` int(10) UNSIGNED NOT NULL AUTO_INCREMENT;
--
-- AUTO_INCREMENT for table `debug`
--
ALTER TABLE `debug`
  MODIFY `id` int(10) UNSIGNED NOT NULL AUTO_INCREMENT;
--
-- AUTO_INCREMENT for table `feedback`
--
ALTER TABLE `feedback`
  MODIFY `feedback_id` int(10) UNSIGNED NOT NULL AUTO_INCREMENT;
--
-- AUTO_INCREMENT for table `label`
--
ALTER TABLE `label`
  MODIFY `label_id` int(10) UNSIGNED NOT NULL AUTO_INCREMENT, AUTO_INCREMENT=101;
--
-- AUTO_INCREMENT for table `log`
--
ALTER TABLE `log`
  MODIFY `log_id` int(10) UNSIGNED NOT NULL AUTO_INCREMENT, AUTO_INCREMENT=459;
--
-- AUTO_INCREMENT for table `message`
--
ALTER TABLE `message`
  MODIFY `id` int(10) UNSIGNED NOT NULL AUTO_INCREMENT;
--
-- AUTO_INCREMENT for table `person`
--
ALTER TABLE `person`
  MODIFY `id` int(10) UNSIGNED NOT NULL AUTO_INCREMENT;
--
-- AUTO_INCREMENT for table `preference_mock`
--
ALTER TABLE `preference_mock`
  MODIFY `id` int(10) UNSIGNED NOT NULL AUTO_INCREMENT, AUTO_INCREMENT=184;
--
-- AUTO_INCREMENT for table `rate`
--
ALTER TABLE `rate`
  MODIFY `id` int(10) UNSIGNED NOT NULL AUTO_INCREMENT;
--
-- AUTO_INCREMENT for table `room`
--
ALTER TABLE `room`
  MODIFY `id` int(10) UNSIGNED NOT NULL AUTO_INCREMENT;
--
-- AUTO_INCREMENT for table `spot`
--
ALTER TABLE `spot`
  MODIFY `spot_id` int(10) UNSIGNED NOT NULL AUTO_INCREMENT, AUTO_INCREMENT=47;
--
-- AUTO_INCREMENT for table `state`
--
ALTER TABLE `state`
  MODIFY `state_id` int(10) UNSIGNED NOT NULL AUTO_INCREMENT, AUTO_INCREMENT=5;
--
-- AUTO_INCREMENT for table `test`
--
ALTER TABLE `test`
  MODIFY `id` int(10) UNSIGNED NOT NULL AUTO_INCREMENT;
--
-- AUTO_INCREMENT for table `text`
--
ALTER TABLE `text`
  MODIFY `id` int(10) UNSIGNED NOT NULL AUTO_INCREMENT, AUTO_INCREMENT=11;
--
-- AUTO_INCREMENT for table `user`
--
ALTER TABLE `user`
  MODIFY `user_id` int(10) UNSIGNED NOT NULL AUTO_INCREMENT, AUTO_INCREMENT=2;
/*!40101 SET CHARACTER_SET_CLIENT=@OLD_CHARACTER_SET_CLIENT */;
/*!40101 SET CHARACTER_SET_RESULTS=@OLD_CHARACTER_SET_RESULTS */;
/*!40101 SET COLLATION_CONNECTION=@OLD_COLLATION_CONNECTION */;
